PRAGMA foreign_keys=OFF;
BEGIN TRANSACTION;
CREATE TABLE IF NOT EXISTS "django_migrations" ("id" integer NOT NULL PRIMARY KEY AUTOINCREMENT, "app" varchar(255) NOT NULL, "name" varchar(255) NOT NULL, "applied" datetime NOT NULL);
INSERT INTO django_migrations VALUES(1,'contenttypes','0001_initial','2025-11-03 04:48:55.279551');
INSERT INTO django_migrations VALUES(2,'contenttypes','0002_remove_content_type_name','2025-11-03 04:48:55.300557');
INSERT INTO django_migrations VALUES(3,'auth','0001_initial','2025-11-03 04:48:55.322368');
INSERT INTO django_migrations VALUES(4,'auth','0002_alter_permission_name_max_length','2025-11-03 04:48:55.330465');
INSERT INTO django_migrations VALUES(5,'auth','0003_alter_user_email_max_length','2025-11-03 04:48:55.341466');
INSERT INTO django_migrations VALUES(6,'auth','0004_alter_user_username_opts','2025-11-03 04:48:55.350298');
INSERT INTO django_migrations VALUES(7,'auth','0005_alter_user_last_login_null','2025-11-03 04:48:55.358310');
INSERT INTO django_migrations VALUES(8,'auth','0006_require_contenttypes_0002','2025-11-03 04:48:55.363158');
INSERT INTO django_migrations VALUES(9,'auth','0007_alter_validators_add_error_messages','2025-11-03 04:48:55.370546');
INSERT INTO django_migrations VALUES(10,'auth','0008_alter_user_username_max_length','2025-11-03 04:48:55.377536');
INSERT INTO django_migrations VALUES(11,'auth','0009_alter_user_last_name_max_length','2025-11-03 04:48:55.385530');
INSERT INTO django_migrations VALUES(12,'auth','0010_alter_group_name_max_length','2025-11-03 04:48:55.403118');
INSERT INTO django_migrations VALUES(13,'auth','0011_update_proxy_permissions','2025-11-03 04:48:55.433590');
INSERT INTO django_migrations VALUES(14,'auth','0012_alter_user_first_name_max_length','2025-11-03 04:48:55.441784');
INSERT INTO django_migrations VALUES(15,'account','0001_initial','2025-11-03 04:48:55.460257');
INSERT INTO django_migrations VALUES(16,'admin','0001_initial','2025-11-03 04:50:39.695238');
INSERT INTO django_migrations VALUES(17,'admin','0002_logentry_remove_auto_add','2025-11-03 04:50:39.705787');
INSERT INTO django_migrations VALUES(18,'admin','0003_logentry_add_action_flag_choices','2025-11-03 04:50:39.719349');
INSERT INTO django_migrations VALUES(19,'administration','0001_initial','2025-11-03 04:50:39.758355');
INSERT INTO django_migrations VALUES(20,'administration','0002_role_date_created_role_date_modificated','2025-11-03 04:50:39.795878');
INSERT INTO django_migrations VALUES(21,'administration','0003_role_grade_service_grade','2025-11-03 04:50:39.816795');
INSERT INTO django_migrations VALUES(22,'administration','0004_remove_role_is_boss','2025-11-03 04:50:39.830854');
INSERT INTO django_migrations VALUES(23,'civil','0001_initial','2025-11-03 04:50:39.950862');
INSERT INTO django_migrations VALUES(24,'civil','0002_deathcertificate_number','2025-11-03 04:50:39.970605');
INSERT INTO django_migrations VALUES(25,'civil','0003_alter_deathcertificate_number','2025-11-03 04:50:39.991424');
INSERT INTO django_migrations VALUES(26,'civil','0004_deathcertificatedocument','2025-11-03 04:50:40.026857');
INSERT INTO django_migrations VALUES(27,'civil','0005_deathcertificate_was_born','2025-11-03 04:50:40.044195');
INSERT INTO django_migrations VALUES(28,'civil','0006_remove_deathcertificatedocument_date_created_and_more','2025-11-03 04:50:40.186217');
INSERT INTO django_migrations VALUES(29,'civil','0007_rename_birth_certificate_birthcertificatedocument_certificate_and_more','2025-11-03 04:50:40.209774');
INSERT INTO django_migrations VALUES(30,'civil','0008_birthcertificatedocument_client_detail_and_more','2025-11-03 04:50:40.230268');
INSERT INTO django_migrations VALUES(31,'civil','0009_alter_birthcertificatedocument_notes_and_more','2025-11-03 04:50:40.252400');
INSERT INTO django_migrations VALUES(32,'finances','0001_initial','2025-11-03 04:50:40.259838');
INSERT INTO django_migrations VALUES(33,'sessions','0001_initial','2025-11-03 04:50:40.275437');
INSERT INTO django_migrations VALUES(34,'civil','0010_birthcertificatedocument_validated_by_and_more','2025-11-04 01:46:21.327458');
INSERT INTO django_migrations VALUES(35,'civil','0011_person_is_married','2025-11-04 01:46:21.423712');
INSERT INTO django_migrations VALUES(36,'civil','0012_alter_deathcertificatedocument_validated_by','2025-11-04 01:46:21.452640');
INSERT INTO django_migrations VALUES(37,'civil','0013_alter_birthcertificatedocument_validated_by','2025-11-04 01:46:21.480646');
INSERT INTO django_migrations VALUES(38,'civil','0014_remove_deathcertificatedocument_client_detail_and_more','2025-11-04 01:46:21.535188');
INSERT INTO django_migrations VALUES(39,'civil','0015_deathcertificate_father_deathcertificate_mother','2025-11-04 01:46:21.584799');
INSERT INTO django_migrations VALUES(40,'civil','0016_deathcertificate_date_register_and_more','2025-11-04 01:46:21.607270');
INSERT INTO django_migrations VALUES(41,'civil','0017_deathcertificatedocument_document_number','2025-11-04 01:46:21.622184');
INSERT INTO django_migrations VALUES(42,'civil','0018_alter_deathcertificate_number','2025-11-04 01:46:21.644707');
INSERT INTO django_migrations VALUES(43,'civil','0019_remove_birthcertificatedocument_document_number_and_more','2025-11-04 01:46:21.673086');
INSERT INTO django_migrations VALUES(44,'events','0001_initial','2025-11-04 06:16:25.636076');
INSERT INTO django_migrations VALUES(45,'civil','0020_remove_birthcertificate_unique_birth_certificate','2025-11-06 00:14:58.874411');
INSERT INTO django_migrations VALUES(46,'civil','0021_remove_person_person_unique','2025-11-06 00:14:58.915609');
INSERT INTO django_migrations VALUES(47,'civil','0022_person_person_unique','2025-11-06 00:14:58.935407');
INSERT INTO django_migrations VALUES(48,'civil','0023_birthcertificate_unique_birth_certificate','2025-11-06 00:14:58.958289');
INSERT INTO django_migrations VALUES(49,'civil','0024_birthcertificatedocument_date_recognization_and_more','2025-11-06 00:14:58.992935');
CREATE TABLE IF NOT EXISTS "django_content_type" ("id" integer NOT NULL PRIMARY KEY AUTOINCREMENT, "app_label" varchar(100) NOT NULL, "model" varchar(100) NOT NULL);
INSERT INTO django_content_type VALUES(1,'auth','permission');
INSERT INTO django_content_type VALUES(2,'auth','group');
INSERT INTO django_content_type VALUES(3,'contenttypes','contenttype');
INSERT INTO django_content_type VALUES(4,'account','user');
INSERT INTO django_content_type VALUES(5,'civil','person');
INSERT INTO django_content_type VALUES(6,'civil','birthcertificate');
INSERT INTO django_content_type VALUES(7,'civil','birthcertificatedocument');
INSERT INTO django_content_type VALUES(8,'civil','deathcertificate');
INSERT INTO django_content_type VALUES(9,'civil','deathcertificatedocument');
INSERT INTO django_content_type VALUES(10,'civil','marriagecertificate');
INSERT INTO django_content_type VALUES(11,'events','event');
INSERT INTO django_content_type VALUES(12,'events','commerceevent');
INSERT INTO django_content_type VALUES(13,'finances','serviceprice');
INSERT INTO django_content_type VALUES(14,'administration','fokotany');
INSERT INTO django_content_type VALUES(15,'administration','sector');
INSERT INTO django_content_type VALUES(16,'administration','application');
INSERT INTO django_content_type VALUES(17,'administration','service');
INSERT INTO django_content_type VALUES(18,'administration','role');
INSERT INTO django_content_type VALUES(19,'administration','staff');
INSERT INTO django_content_type VALUES(20,'administration','common');
INSERT INTO django_content_type VALUES(21,'admin','logentry');
INSERT INTO django_content_type VALUES(22,'sessions','session');
CREATE TABLE IF NOT EXISTS "auth_group_permissions" ("id" integer NOT NULL PRIMARY KEY AUTOINCREMENT, "group_id" integer NOT NULL REFERENCES "auth_group" ("id") DEFERRABLE INITIALLY DEFERRED, "permission_id" integer NOT NULL REFERENCES "auth_permission" ("id") DEFERRABLE INITIALLY DEFERRED);
CREATE TABLE IF NOT EXISTS "auth_permission" ("id" integer NOT NULL PRIMARY KEY AUTOINCREMENT, "content_type_id" integer NOT NULL REFERENCES "django_content_type" ("id") DEFERRABLE INITIALLY DEFERRED, "codename" varchar(100) NOT NULL, "name" varchar(255) NOT NULL);
INSERT INTO auth_permission VALUES(1,1,'add_permission','Can add permission');
INSERT INTO auth_permission VALUES(2,1,'change_permission','Can change permission');
INSERT INTO auth_permission VALUES(3,1,'delete_permission','Can delete permission');
INSERT INTO auth_permission VALUES(4,1,'view_permission','Can view permission');
INSERT INTO auth_permission VALUES(5,2,'add_group','Can add group');
INSERT INTO auth_permission VALUES(6,2,'change_group','Can change group');
INSERT INTO auth_permission VALUES(7,2,'delete_group','Can delete group');
INSERT INTO auth_permission VALUES(8,2,'view_group','Can view group');
INSERT INTO auth_permission VALUES(9,3,'add_contenttype','Can add content type');
INSERT INTO auth_permission VALUES(10,3,'change_contenttype','Can change content type');
INSERT INTO auth_permission VALUES(11,3,'delete_contenttype','Can delete content type');
INSERT INTO auth_permission VALUES(12,3,'view_contenttype','Can view content type');
INSERT INTO auth_permission VALUES(13,4,'add_user','Can add user');
INSERT INTO auth_permission VALUES(14,4,'change_user','Can change user');
INSERT INTO auth_permission VALUES(15,4,'delete_user','Can delete user');
INSERT INTO auth_permission VALUES(16,4,'view_user','Can view user');
INSERT INTO auth_permission VALUES(17,5,'add_person','Can add person');
INSERT INTO auth_permission VALUES(18,5,'change_person','Can change person');
INSERT INTO auth_permission VALUES(19,5,'delete_person','Can delete person');
INSERT INTO auth_permission VALUES(20,5,'view_person','Can view person');
INSERT INTO auth_permission VALUES(21,6,'add_birthcertificate','Can add birth certificate');
INSERT INTO auth_permission VALUES(22,6,'change_birthcertificate','Can change birth certificate');
INSERT INTO auth_permission VALUES(23,6,'delete_birthcertificate','Can delete birth certificate');
INSERT INTO auth_permission VALUES(24,6,'view_birthcertificate','Can view birth certificate');
INSERT INTO auth_permission VALUES(25,7,'add_birthcertificatedocument','Can add birth certificate document');
INSERT INTO auth_permission VALUES(26,7,'change_birthcertificatedocument','Can change birth certificate document');
INSERT INTO auth_permission VALUES(27,7,'delete_birthcertificatedocument','Can delete birth certificate document');
INSERT INTO auth_permission VALUES(28,7,'view_birthcertificatedocument','Can view birth certificate document');
INSERT INTO auth_permission VALUES(29,8,'add_deathcertificate','Can add death certificate');
INSERT INTO auth_permission VALUES(30,8,'change_deathcertificate','Can change death certificate');
INSERT INTO auth_permission VALUES(31,8,'delete_deathcertificate','Can delete death certificate');
INSERT INTO auth_permission VALUES(32,8,'view_deathcertificate','Can view death certificate');
INSERT INTO auth_permission VALUES(33,9,'add_deathcertificatedocument','Can add death certificate document');
INSERT INTO auth_permission VALUES(34,9,'change_deathcertificatedocument','Can change death certificate document');
INSERT INTO auth_permission VALUES(35,9,'delete_deathcertificatedocument','Can delete death certificate document');
INSERT INTO auth_permission VALUES(36,9,'view_deathcertificatedocument','Can view death certificate document');
INSERT INTO auth_permission VALUES(37,10,'add_marriagecertificate','Can add marriage certificate');
INSERT INTO auth_permission VALUES(38,10,'change_marriagecertificate','Can change marriage certificate');
INSERT INTO auth_permission VALUES(39,10,'delete_marriagecertificate','Can delete marriage certificate');
INSERT INTO auth_permission VALUES(40,10,'view_marriagecertificate','Can view marriage certificate');
INSERT INTO auth_permission VALUES(41,11,'add_event','Can add event');
INSERT INTO auth_permission VALUES(42,11,'change_event','Can change event');
INSERT INTO auth_permission VALUES(43,11,'delete_event','Can delete event');
INSERT INTO auth_permission VALUES(44,11,'view_event','Can view event');
INSERT INTO auth_permission VALUES(45,12,'add_commerceevent','Can add commerce event');
INSERT INTO auth_permission VALUES(46,12,'change_commerceevent','Can change commerce event');
INSERT INTO auth_permission VALUES(47,12,'delete_commerceevent','Can delete commerce event');
INSERT INTO auth_permission VALUES(48,12,'view_commerceevent','Can view commerce event');
INSERT INTO auth_permission VALUES(49,13,'add_serviceprice','Can add service price');
INSERT INTO auth_permission VALUES(50,13,'change_serviceprice','Can change service price');
INSERT INTO auth_permission VALUES(51,13,'delete_serviceprice','Can delete service price');
INSERT INTO auth_permission VALUES(52,13,'view_serviceprice','Can view service price');
INSERT INTO auth_permission VALUES(53,14,'add_fokotany','Can add fokotany');
INSERT INTO auth_permission VALUES(54,14,'change_fokotany','Can change fokotany');
INSERT INTO auth_permission VALUES(55,14,'delete_fokotany','Can delete fokotany');
INSERT INTO auth_permission VALUES(56,14,'view_fokotany','Can view fokotany');
INSERT INTO auth_permission VALUES(57,15,'add_sector','Can add sector');
INSERT INTO auth_permission VALUES(58,15,'change_sector','Can change sector');
INSERT INTO auth_permission VALUES(59,15,'delete_sector','Can delete sector');
INSERT INTO auth_permission VALUES(60,15,'view_sector','Can view sector');
INSERT INTO auth_permission VALUES(61,16,'add_application','Can add application');
INSERT INTO auth_permission VALUES(62,16,'change_application','Can change application');
INSERT INTO auth_permission VALUES(63,16,'delete_application','Can delete application');
INSERT INTO auth_permission VALUES(64,16,'view_application','Can view application');
INSERT INTO auth_permission VALUES(65,17,'add_service','Can add service');
INSERT INTO auth_permission VALUES(66,17,'change_service','Can change service');
INSERT INTO auth_permission VALUES(67,17,'delete_service','Can delete service');
INSERT INTO auth_permission VALUES(68,17,'view_service','Can view service');
INSERT INTO auth_permission VALUES(69,18,'add_role','Can add role');
INSERT INTO auth_permission VALUES(70,18,'change_role','Can change role');
INSERT INTO auth_permission VALUES(71,18,'delete_role','Can delete role');
INSERT INTO auth_permission VALUES(72,18,'view_role','Can view role');
INSERT INTO auth_permission VALUES(73,19,'add_staff','Can add staff');
INSERT INTO auth_permission VALUES(74,19,'change_staff','Can change staff');
INSERT INTO auth_permission VALUES(75,19,'delete_staff','Can delete staff');
INSERT INTO auth_permission VALUES(76,19,'view_staff','Can view staff');
INSERT INTO auth_permission VALUES(77,20,'add_common','Can add common');
INSERT INTO auth_permission VALUES(78,20,'change_common','Can change common');
INSERT INTO auth_permission VALUES(79,20,'delete_common','Can delete common');
INSERT INTO auth_permission VALUES(80,20,'view_common','Can view common');
INSERT INTO auth_permission VALUES(81,21,'add_logentry','Can add log entry');
INSERT INTO auth_permission VALUES(82,21,'change_logentry','Can change log entry');
INSERT INTO auth_permission VALUES(83,21,'delete_logentry','Can delete log entry');
INSERT INTO auth_permission VALUES(84,21,'view_logentry','Can view log entry');
INSERT INTO auth_permission VALUES(85,22,'add_session','Can add session');
INSERT INTO auth_permission VALUES(86,22,'change_session','Can change session');
INSERT INTO auth_permission VALUES(87,22,'delete_session','Can delete session');
INSERT INTO auth_permission VALUES(88,22,'view_session','Can view session');
CREATE TABLE IF NOT EXISTS "auth_group" ("id" integer NOT NULL PRIMARY KEY AUTOINCREMENT, "name" varchar(150) NOT NULL UNIQUE);
CREATE TABLE IF NOT EXISTS "account_user" ("id" integer NOT NULL PRIMARY KEY AUTOINCREMENT, "password" varchar(128) NOT NULL, "last_login" datetime NULL, "is_superuser" bool NOT NULL, "username" varchar(150) NOT NULL UNIQUE, "first_name" varchar(150) NOT NULL, "last_name" varchar(150) NOT NULL, "email" varchar(254) NOT NULL, "is_staff" bool NOT NULL, "is_active" bool NOT NULL, "date_joined" datetime NOT NULL);
INSERT INTO account_user VALUES(1,'pbkdf2_sha256$870000$4isepn6CJ04PmOLQso7oGt$3MnD1CHDPNeyClD3rwVSxu25w2oAg3O1dpSITX2MoPE=','2025-11-04 06:23:50.595848',1,'adminTech','Technicien','IST-D','',0,1,'2025-10-01 15:18:44.693804');
INSERT INTO account_user VALUES(2,'pbkdf2_sha256$870000$ebUSa3BMUrt9GPYzhLSzjI$uKGS2JZZpdO21Kxz7VA1UwkoeiPpzVAYkWx+WIdVsps=','2025-10-29 10:52:24.188126',0,'TEXNAS','Marie Edonisse Henri','TEXNAS','maire@betsiaka.mg',1,1,'2025-10-29 09:24:28.610130');
INSERT INTO account_user VALUES(3,'pbkdf2_sha256$870000$9RkAnWRnHmkV4V9MH3gXlp$dPCyIJIchRgxUjhJgbhfIkFNBvGpxQ5/H3qUpvyE9Ps=','2025-11-05 09:22:01.649864',0,'olidon','Olidon','RAZAFIMAHAFALY','olidonrazafimahafaly@gmail.com',1,1,'2025-10-29 11:47:05.347626');
INSERT INTO account_user VALUES(4,'pbkdf2_sha256$870000$iv2iDhLAurUGJYyIM3mZK6$1l5FT9oxLOvtWKLU94LFgIsev0jku+VlQGGo6H1vonU=',NULL,0,'ANASTASIE','','ANASTASIE','etatcivil@betsiaka.mg',1,1,'2025-10-29 11:56:56.930624');
INSERT INTO account_user VALUES(5,'pbkdf2_sha256$870000$Sra7WuA0CyrgyKWEPVMP5S$Jqko53OuTq3A4GeYd8DngWby3Nrrood2vjvQVoHSMbA=','2025-10-29 12:54:09.038628',0,'Kenn2','Kenn Keren','BEZARA','kennkerenbezara@gmail.com',1,1,'2025-10-29 12:53:50.058623');
CREATE TABLE IF NOT EXISTS "account_user_groups" ("id" integer NOT NULL PRIMARY KEY AUTOINCREMENT, "user_id" bigint NOT NULL REFERENCES "account_user" ("id") DEFERRABLE INITIALLY DEFERRED, "group_id" integer NOT NULL REFERENCES "auth_group" ("id") DEFERRABLE INITIALLY DEFERRED);
CREATE TABLE IF NOT EXISTS "account_user_user_permissions" ("id" integer NOT NULL PRIMARY KEY AUTOINCREMENT, "user_id" bigint NOT NULL REFERENCES "account_user" ("id") DEFERRABLE INITIALLY DEFERRED, "permission_id" integer NOT NULL REFERENCES "auth_permission" ("id") DEFERRABLE INITIALLY DEFERRED);
CREATE TABLE IF NOT EXISTS "django_admin_log" ("id" integer NOT NULL PRIMARY KEY AUTOINCREMENT, "object_id" text NULL, "object_repr" varchar(200) NOT NULL, "action_flag" smallint unsigned NOT NULL CHECK ("action_flag" >= 0), "change_message" text NOT NULL, "content_type_id" integer NULL REFERENCES "django_content_type" ("id") DEFERRABLE INITIALLY DEFERRED, "user_id" bigint NOT NULL REFERENCES "account_user" ("id") DEFERRABLE INITIALLY DEFERRED, "action_time" datetime NOT NULL);
CREATE TABLE IF NOT EXISTS "administration_application" ("id" integer NOT NULL PRIMARY KEY AUTOINCREMENT, "name" varchar(50) NOT NULL, "title" varchar(100) NOT NULL, "description" text NOT NULL, "url" varchar(200) NOT NULL);
INSERT INTO administration_application VALUES(1,'dashboard','dashboard','view summary','dashboard:index');
INSERT INTO administration_application VALUES(2,'civil','civil status','view civil status','civil:index');
INSERT INTO administration_application VALUES(3,'events','events','view events','events:index');
INSERT INTO administration_application VALUES(4,'finances','finances','view finances','finances:index');
INSERT INTO administration_application VALUES(5,'mines','mines','view mines','mines:index');
INSERT INTO administration_application VALUES(6,'social','social business','view social business','social:index');
INSERT INTO administration_application VALUES(7,'administration','administration','view administration','administration:index');
CREATE TABLE IF NOT EXISTS "administration_common" ("id" integer NOT NULL PRIMARY KEY AUTOINCREMENT, "name" varchar(50) NOT NULL, "title" varchar(100) NOT NULL, "description" text NOT NULL, "district" varchar(80) NOT NULL);
INSERT INTO administration_common VALUES(1,'Betsiaka','Commune Rurale Betsiaka','Commune Rurale Betsiaka - District Ambilobe','Ambilobe');
CREATE TABLE IF NOT EXISTS "administration_fokotany" ("id" integer NOT NULL PRIMARY KEY AUTOINCREMENT, "name" varchar(200) NOT NULL, "date_created" date NOT NULL, "date_modificated" date NOT NULL);
INSERT INTO administration_fokotany VALUES(1,'Ankatoko','2025-10-02','2025-10-02');
INSERT INTO administration_fokotany VALUES(2,'Betsiaka','2025-10-02','2025-10-02');
INSERT INTO administration_fokotany VALUES(3,'Andrafialava','2025-10-02','2025-10-02');
INSERT INTO administration_fokotany VALUES(4,'Ankaramy','2025-10-02','2025-10-02');
INSERT INTO administration_fokotany VALUES(5,'Antanamivony','2025-10-02','2025-10-02');
INSERT INTO administration_fokotany VALUES(6,'Ambararata Loky','2025-10-02','2025-10-02');
INSERT INTO administration_fokotany VALUES(7,'Fihety','2025-10-02','2025-10-02');
INSERT INTO administration_fokotany VALUES(8,'Mosorobe','2025-10-02','2025-10-02');
INSERT INTO administration_fokotany VALUES(9,'Sandranary','2025-10-02','2025-10-02');
INSERT INTO administration_fokotany VALUES(10,'Ampahaka','2025-10-02','2025-10-02');
INSERT INTO administration_fokotany VALUES(11,'Tanambao Mangily','2025-10-02','2025-10-02');
INSERT INTO administration_fokotany VALUES(12,'Morafeno','2025-10-02','2025-10-02');
CREATE TABLE IF NOT EXISTS "administration_sector" ("id" integer NOT NULL PRIMARY KEY AUTOINCREMENT, "name" varchar(200) NOT NULL, "date_created" date NOT NULL, "date_modificated" date NOT NULL, "fokotany_id" bigint NOT NULL REFERENCES "administration_fokotany" ("id") DEFERRABLE INITIALLY DEFERRED);
CREATE TABLE IF NOT EXISTS "administration_staff" ("id" integer NOT NULL PRIMARY KEY AUTOINCREMENT, "last_name" varchar(100) NOT NULL, "first_name" varchar(100) NOT NULL, "gender" varchar(1) NOT NULL, "birthday" datetime NOT NULL, "contact_1" varchar(10) NOT NULL, "contact_2" varchar(10) NULL, "email" varchar(254) NULL, "date_joined_last_role" date NULL, "date_stoped_last_role" date NULL, "date_joined" date NOT NULL, "date_fired" date NULL, "date_modificated" date NOT NULL, "is_active" bool NOT NULL, "is_fired" bool NOT NULL, "last_role_id" bigint NULL REFERENCES "administration_role" ("id") DEFERRABLE INITIALLY DEFERRED, "role_id" bigint NULL REFERENCES "administration_role" ("id") DEFERRABLE INITIALLY DEFERRED, CONSTRAINT "unique_staff" UNIQUE ("last_name", "first_name", "gender", "birthday"));
INSERT INTO administration_staff VALUES(1,'TEXNAS','Marie Edonisse Henri','F','1984-12-31 21:00:00.000000','0327322064','','maire@betsiaka.mg','2025-10-29','2025-10-29','2025-10-29',NULL,'2025-10-29',0,0,1,1);
INSERT INTO administration_staff VALUES(2,'BEZARA','Kenn Keren','M','2001-08-13 17:00:00.000000','0327322064','','kennkerenbezara@gmail.com','2025-10-29','2025-10-29','2025-10-29',NULL,'2025-10-29',0,0,1,8);
INSERT INTO administration_staff VALUES(3,'RZ','Olidon','M','2003-08-14 21:00:00.000000','0327322064','','olidon@gmail.com','2025-10-29','2025-10-29','2025-10-29',NULL,'2025-10-29',0,0,1,NULL);
INSERT INTO administration_staff VALUES(4,'RAZAFIMAHAFALY','Olidon','M','2003-08-15 17:00:00.000000','0342593514','','olidonrazafimahafaly@gmail.com',NULL,NULL,'2025-10-29',NULL,'2025-10-29',1,0,NULL,4);
INSERT INTO administration_staff VALUES(5,'ANASTASIE','','F','1995-12-31 21:00:00.000000','0327322064','','etatcivil@betsiaka.mg',NULL,NULL,'2025-10-29',NULL,'2025-10-29',1,0,NULL,3);
CREATE TABLE IF NOT EXISTS "administration_role" ("id" integer NOT NULL PRIMARY KEY AUTOINCREMENT, "name" varchar(50) NOT NULL UNIQUE, "title" varchar(100) NOT NULL UNIQUE, "description" text NOT NULL, "access_id" bigint NULL REFERENCES "account_user" ("id") DEFERRABLE INITIALLY DEFERRED, "app_id" bigint NULL REFERENCES "administration_application" ("id") DEFERRABLE INITIALLY DEFERRED, "service_id" bigint NOT NULL REFERENCES "administration_service" ("id") DEFERRABLE INITIALLY DEFERRED, "date_created" date NOT NULL, "date_modificated" date NOT NULL, "grade" integer NOT NULL, CONSTRAINT "unique_role" UNIQUE ("name", "access_id", "service_id"));
INSERT INTO administration_role VALUES(1,'mayor','Ben''ny Tanàna','Ben''ny Tanàna',2,7,6,'2025-10-30','2025-10-30',1);
INSERT INTO administration_role VALUES(2,'first_deputy_mayor','1er Adjoint au Maire','1er Adjoint au Maire',NULL,7,6,'2025-10-30','2025-10-30',2);
INSERT INTO administration_role VALUES(3,'civil_status_secretary','Secrétaire d''Etat Civil','Secrétaire d''Etat Civil',4,2,3,'2025-10-30','2025-10-30',2);
INSERT INTO administration_role VALUES(4,'civil_status_assistant','Assistant Secrétaire d''Etat Civil','Assistant Secrétaire d''Etat Civil',3,2,3,'2025-10-30','2025-10-30',3);
INSERT INTO administration_role VALUES(8,'civil_status_technician','Technicien d''Etat Civil','Technicien d''Etat Civil',5,2,2,'2025-10-30','2025-10-30',2);
INSERT INTO administration_role VALUES(9,'2ème_adjoint_au_maire','2ème Adjoint au Maire','2ème Adjoint au Maire',NULL,7,6,'2025-10-30','2025-10-30',3);
INSERT INTO administration_role VALUES(10,'3ème_adjoint_au_maire','3ème Adjoint au Maire','3ème Adjoint au Maire',NULL,7,6,'2025-10-31','2025-10-31',4);
INSERT INTO administration_role VALUES(11,'secrétaire_administratif','Secrétaire Administratif','Secrétaire Administratif',NULL,7,3,'2025-10-31','2025-10-31',1);
INSERT INTO administration_role VALUES(12,'secrétaire_général','Secrétaire Général','Secrétaire Général',NULL,7,6,'2025-10-31','2025-10-31',5);
CREATE TABLE IF NOT EXISTS "administration_service" ("id" integer NOT NULL PRIMARY KEY AUTOINCREMENT, "name" varchar(50) NOT NULL, "title" varchar(100) NOT NULL, "description" text NOT NULL, "grade" integer NOT NULL);
INSERT INTO administration_service VALUES(1,'finances','service financier','view finances service',3);
INSERT INTO administration_service VALUES(2,'technical','service technique et développement','view technical service',6);
INSERT INTO administration_service VALUES(3,'administrative','service administratif','view administrative service',2);
INSERT INTO administration_service VALUES(4,'land','service foncier','view land service',4);
INSERT INTO administration_service VALUES(5,'educational','service éducatif de base','view educational service',5);
INSERT INTO administration_service VALUES(6,'direction','direction','view direction',1);
CREATE TABLE IF NOT EXISTS "civil_marriagecertificate" ("id" integer NOT NULL PRIMARY KEY AUTOINCREMENT, "wedding_day" datetime NOT NULL, "is_active" bool NOT NULL, "date_register" datetime NOT NULL, "date_created" datetime NOT NULL, "date_modified" datetime NOT NULL, "fokotany_id" bigint NOT NULL REFERENCES "administration_fokotany" ("id") DEFERRABLE INITIALLY DEFERRED, "responsible_staff_id" bigint NOT NULL REFERENCES "administration_staff" ("id") DEFERRABLE INITIALLY DEFERRED, "bride_id" bigint NOT NULL REFERENCES "civil_person" ("id") DEFERRABLE INITIALLY DEFERRED, "groom_id" bigint NOT NULL REFERENCES "civil_person" ("id") DEFERRABLE INITIALLY DEFERRED, CONSTRAINT "unique_marriage_certificate" UNIQUE ("groom_id", "bride_id", "wedding_day"));
CREATE TABLE IF NOT EXISTS "finances_serviceprice" ("id" integer NOT NULL PRIMARY KEY AUTOINCREMENT, "certificate_price" real NOT NULL);
INSERT INTO finances_serviceprice VALUES(1,1000.0);
CREATE TABLE IF NOT EXISTS "django_session" ("session_key" varchar(40) NOT NULL PRIMARY KEY, "session_data" text NOT NULL, "expire_date" datetime NOT NULL);
INSERT INTO django_session VALUES('4x07avi78lp30mrcnmur88wtgw5v6fg2','eyJhcHBfYWNjZXNzZWQiOltdfQ:1vFmXe:qi01D3jvfEtyYMIQZE4f4zlDqXARMXe1YPhfkssSS8M','2025-11-04 04:51:42.143699');
INSERT INTO django_session VALUES('rssuyb4bgg20fxx2lv5cix714ggvkz80','eyJhcHBfYWNjZXNzZWQiOltdfQ:1vFmY0:4BkM_xHcCseRTtWqDBxBXZzVLICpIyF4r4SUPCzmTW4','2025-11-04 04:52:04.762724');
INSERT INTO django_session VALUES('gqtp06qqsx2nb4496ujq1jv0hamte17x','.eJytVdFuozAQ_JXIz1EEJSUkj_d-X1BVaG0vwVdiIttUrar8e20MdElRT5V4Mjs7MxrW2HwwuF5LEAKtRclOT0yCrXkLRrItE-pVNX7FV9TO-odKadCe6x8vSverbYWCQALpIWWdAadazZ63rITO1WVn0ZTKe7OUzTAO4gV1aMh_oM_tTrTaGcV3gbIbunb3t5XY_Bm4M4PaR_VqAQ8gikNSFDwRaQFplh15_pjlWVIAoMTqmKRSwmN-qKo0O-QcMS2OOYg97ve8CKbWv79PXeLbVZl3dkq2rDON9QP5YBouGEKSwTjlmoDVrW_1VEo4KS3xLcym4xfU3X9tKLbsdXu-bSeLcVtGeV9vrAPX2cmhB1dIQn1IBq6Mq4mwrzcCjVOVEuDwziDyiYFEmBn09Q8GkU8MLmCMgjMSjxH6wWZSzSY6feCj0wREbSxXmObMaBaBHK1RTqCoHoEVgtxZkSBENrHnUcejP419qCO3r1ZISH1-FW-6kUZeBDa8s8HyK2nEV4g6M_pV1rtL84v_rRHVc3iF6IuGdJgOqorOcqgX1bFJ1OGaJuKhXNT2PSI1bUOP9lAuSvsezYzOKX2mnyiBlpOPfb87_s8Vhln6P-N00d0-AW_ja8U:1vFnRM:kZo8iXdaR66Rmzq9d_XSLRQdzdrjBPmVd35FCgdCmSs','2025-11-04 05:49:16.772913');
INSERT INTO django_session VALUES('p5p4i19ywemq6n65ik11wz7ipgg6sw1o','.eJx9kttugzAMhl-lyjVCJFAoXO5-TzBVyElMyQahymHqVPHuCz2gsEm99O_fn-3EVwLncwtCoLUoSfNBhPpWAzkmpAXv-tZbNK0KGZKTjcZBfKFeEvIT9GlKxaSdUTxdLOkja9P3SeLw9vBuAD3YPlQXFEtkNeuwqqGigtOOszwTGcsOsi4OtBSs4JTvO1ryivG8lFjTIpN7RmVXZQvUhunVpFu8nJX5IU2WEG8GG9a5Eg0jhjb3tRLilBvWeGcdOG_Jzf4UG6UlXoJmPR9R-w1GhqH5BEZGqFj7z5mTtZgr4_qo8BbvBBqnOiXA4R_A3R8BJMIGcItfAO7-CDCCMQpOGDGe0gvMWjUf53AYy6O04WyijSYjw48-mmg_cjSrClaQxhmP8y8g7dFA:1vFoWW:KP2cvxoRp4XTticIN3kIfFwcNCDjxQWzdXzUR4Kl6io','2025-11-04 06:58:40.218748');
INSERT INTO django_session VALUES('v03q5dxh7krd6vrxfkiwhxwkw8tihmga','eyJhcHBfYWNjZXNzZWQiOltdfQ:1vFrzS:iB1hfJB3YtdbXCctj33gN2_Na3plaUjjE6dkOV-Olvk','2025-11-04 10:40:46.314118');
INSERT INTO django_session VALUES('8aiswwm7f0918wk7uunlfk4j91ufjckg','.eJx9kkFugzAQRa8SeY0QNgRClt33BFVkje0huAWDbFOlirh7DSQIWinL-fP_84w1dwJ9z0FKdA4VOX8Qqb91Qy4R4TD4mg8OLdehQ1Ky0wTILzRTQ32CuXax7Iy3WsSTJX50XfzeKWzeHt4doAZXh3RGMUdWsgqLEgoqBa0ESxOZsOSkyuxEc8kyQcWxorkomEhzhSXNEnVkVFVFMkFdmF53huOt1_aHnJOIDLZxYZ07MdBieGZZKyJe-2atD86DHxyZ7U_xrI3CW9DcIFo0ww6jwtCiA6s2qK32nzNGa1ho6-tNcK4PEq3XlZbg8Q9g8W8ACmEHmOsXgMW_AbRgrYYrbhhP6QVmTY2XMRzG9Ck8nM260fgLTb7DkQ:1vFs9W:xVLozCGpYcD_M6jsqRb_UHtMArce1bcvsoyXwW9zku4','2025-11-04 10:51:10.242715');
INSERT INTO django_session VALUES('gilowuu1w915n5f87yvw3zws7b2p5vat','.eJx9ksFugzAMhl-lyhkhEigUjrvvCaYKOYkp2SBUSZg6Vbz7ArQobFKP_v37i-34TuB6rUEItBYlqT6IUN-qI-eI1DC6th4tmlr5DEnJTuMgvlDPCfkJ-jLEYtDOKB7PlviRtfH7ILF7e3h3gBZs66szijmykjVYlFBQwWnDWZqIhCUnWWYnmguWccqPDc15wXiaSyxplsgjo7Ipkhlqffdq0DXersr8kCqJyGg668e5Ew09-mfWsSLilOu2-GAduNGSxf4UK6Ul3rxmR96jHncY6ZvmAxgZoELtP2eKtmKujGuDwiU-CDRONUqAwz-A1R8AJMIOsMQvAKs_APRgjIILBoyn9AKzVU3nyR_GvJTan00w0WCk_9FtRwth1cAKUjXQWZx-AUqB0KA:1vGB5H:3GoFUuvxhwSsd4Ui2t9yLfCsXqV4XNhrLTogqEaLIJU','2025-11-05 07:04:03.212417');
INSERT INTO django_session VALUES('fmavxuubj5czjxqcb5qpvf3iijg1ddmj','.eJytVdFuozAQ_JXIz1EER0pIHu_9vuBUobW9BN-BiWxT9VTl32tsoEuKeqrEE-zszDAs2H5jcLuVIARai5JdfjMJtuYdGMn2TKgX1fgrvqB21t9USoP2XH_bKh2uthMKBhJIDynrDDjVafa8ZyX0ri57i6ZU3pulbIFxEH9RDw35B_S1O4hOO6P4YaAcxq49_OokNj9H7sKg9lG9WsAPEMUpKQqeiLSANMvOPH_K8iwpAFBidU5SKeEpP1VVmp1yjpgW5xzEEY9HXgym1r-_T13i602Zf-yS7FlvGusH8sY0tDiEJINxyjUDVne-FaiUcFFa4uswm563qPv_2lBs3ev-fN_PFtNnmeSh3lkHrrezQwA3SEJ9SAaujKuJMNQ7gcapSglw-GAQ-cRAIiwMQv2FQeQTgxaMUXBF4jFBX9jMqsVE5x98cpqBqI3lBtNcGC0ikKU1yQkU1ROwQZAHKxKEyGb2Muq09Oexj3XkhmqDhNTnW_HmHWniRWDHeztYfiSN-AZRF0bfyvqwaX7wPzWieglvEH3VkA7TQVXRWY71qjo2iXrYpol4LFe1oUekpmvo0h7LVWno0czonNJX-osSaD351Pdfx59cwzBLfzKSfaoz0h854xN03_LwKhEFK9jFmR7v797oeWE:1vGnfy:q6FlppaZCqyIKOkLucFwGOAIO5jnfs8iZuiT2ZUbN7c','2025-11-07 00:16:30.076251');
INSERT INTO django_session VALUES('7dnbn8vlcb2arrq3rgeqn3kis3sc0e35','.eJx9kkFugzAQRa8SeY0QNgRClt33BFVkje0huAWDbFOlirh7DSQIWinL-fP_84w1dwJ9z0FKdA4VOX8Qqb91Qy4R4TD4mg8OLdehQ1Ky0wTILzRTQ32CuXax7Iy3WsSTJX50XfzeKWzeHt4doAZXh3RGMUdWsgqLEgoqBa0ESxOZsOSkyuxEc8kyQcWxorkomEhzhSXNEnVkVFVFMkFdmF53huOt1_aHnJOIDLZxYZ07MdBieGZZKyJe-2atD86DHxyZ7U_xrI3CW9DcIFo0ww6jwtCiA6s2qK32nzNGa1ho6-tNcK4PEq3XlZbg8Q9g8W8ACmEHmOsXgMW_AbRgrYYrbhhP6QVmTY2XMRzG9Ck8nM260fgLTb7DkQ:1vGFsN:l6Hn85I1dhPWD1RPbASujj7Zgyj3u5y7bKZV0QVgkXw','2025-11-05 12:11:03.357612');
INSERT INTO django_session VALUES('x0e3g0b2tw7o5xqn1tgwa5q7iep2xbyw','eyJhcHBfYWNjZXNzZWQiOltdfQ:1vGRTl:sjXojdBZslzeqvC5p_ePDx58IzOlgw0ugzT8UreE0Qw','2025-11-06 00:34:25.550523');
INSERT INTO django_session VALUES('gcpvsgzo09x5439z13byfow8dfeoiqwk','.eJx9kkFugzAQRa8SeY0QNgRClt33BFVkje0huAWDbFOlirh7DSQIWinL-fP_84w1dwJ9z0FKdA4VOX8Qqb91Qy4R4TD4mg8OLdehQ1Ky0wTILzRTQ32CuXax7Iy3WsSTJX50XfzeKWzeHt4doAZXh3RGMUdWsgqLEgoqBa0ESxOZsOSkyuxEc8kyQcWxorkomEhzhSXNEnVkVFVFMkFdmF53huOt1_aHnJOIDLZxYZ07MdBieGZZKyJe-2atD86DHxyZ7U_xrI3CW9DcIFo0ww6jwtCiA6s2qK32nzNGa1ho6-tNcK4PEq3XlZbg8Q9g8W8ACmEHmOsXgMW_AbRgrYYrbhhP6QVmTY2XMRzG9Ck8nM260fgLTb7DkQ:1vGXPV:WkjKM7RNfJtqkbWAgi1YNGMRwrTeUx2pRELjgBzWeyk','2025-11-06 06:54:25.959942');
INSERT INTO django_session VALUES('aehdq468q3k60b3ejrv3oqvyn597p40o','.eJx9kkFugzAQRa8SeY0QNgRClt33BFVkje0huAWDbFOlirh7DSQIWinL-fP_84w1dwJ9z0FKdA4VOX8Qqb91Qy4R4TD4mg8OLdehQ1Ky0wTILzRTQ32CuXax7Iy3WsSTJX50XfzeKWzeHt4doAZXh3RGMUdWsgqLEgoqBa0ESxOZsOSkyuxEc8kyQcWxorkomEhzhSXNEnVkVFVFMkFdmF53huOt1_aHnJOIDLZxYZ07MdBieGZZKyJe-2atD86DHxyZ7U_xrI3CW9DcIFo0ww6jwtCiA6s2qK32nzNGa1ho6-tNcK4PEq3XlZbg8Q9g8W8ACmEHmOsXgMW_AbRgrYYrbhhP6QVmTY2XMRzG9Ck8nM060PgLTV_Dfg:1vGnhl:IHsl8-H5jLhRPLqISk9fs-9nK3BcLqeP1X5uWMpvehc','2025-11-07 00:18:21.855829');
CREATE TABLE IF NOT EXISTS "civil_birthcertificatedocument" ("id" integer NOT NULL PRIMARY KEY AUTOINCREMENT, "father_carreer" varchar(80) NULL, "father_address" varchar(100) NULL, "mother_carreer" varchar(80) NOT NULL, "mother_address" varchar(100) NOT NULL, "declarer_carreer" varchar(80) NOT NULL, "declarer_address" varchar(100) NOT NULL, "was_alive" bool NOT NULL, "date_register" datetime NULL, "date_created" datetime NOT NULL, "date_modified" datetime NOT NULL, "date_validated" datetime NULL, "status" varchar(1) NOT NULL, "notes" text NULL, "price" real NOT NULL, "num_copy" integer NOT NULL, "father_id" bigint NULL REFERENCES "civil_person" ("id") DEFERRABLE INITIALLY DEFERRED, "certificate_id" bigint NOT NULL REFERENCES "civil_birthcertificate" ("id") DEFERRABLE INITIALLY DEFERRED, "client_detail" varchar(120) NULL, "validated_by_id" bigint NULL REFERENCES "administration_staff" ("id") DEFERRABLE INITIALLY DEFERRED, "date_recognization" datetime NULL);
INSERT INTO civil_birthcertificatedocument VALUES(1,NULL,NULL,'Mpamboly','Ambararata - Loky','Adjoint Chef Fokotany','Ambararata - Loky',1,'2021-05-21 13:00:00','2025-11-04 06:00:22.672348','2025-11-04 06:00:22.672358',NULL,'D','',1000.0,1,NULL,74,NULL,NULL,NULL);
CREATE TABLE IF NOT EXISTS "civil_deathcertificatedocument" ("id" integer NOT NULL PRIMARY KEY AUTOINCREMENT, "status" varchar(1) NOT NULL, "notes" text NULL, "price" real NOT NULL, "num_copy" integer NOT NULL, "certificate_id" bigint NOT NULL REFERENCES "civil_deathcertificate" ("id") DEFERRABLE INITIALLY DEFERRED, "date_validated" datetime NULL, "validated_by_id" bigint NULL REFERENCES "administration_staff" ("id") DEFERRABLE INITIALLY DEFERRED, "date_created" datetime NOT NULL, "date_modified" datetime NOT NULL, "date_register" datetime NULL);
CREATE TABLE IF NOT EXISTS "civil_deathcertificate" ("id" integer NOT NULL PRIMARY KEY AUTOINCREMENT, "death_day" datetime NOT NULL, "death_place" varchar(100) NOT NULL, "dead_carreer" varchar(80) NULL, "dead_address" varchar(100) NULL, "father_full_name" varchar(120) NULL, "father_is_alive" bool NULL, "mother_full_name" varchar(120) NULL, "mother_is_alive" bool NULL, "declarer_relationship" varchar(80) NOT NULL, "declarer_was_present" bool NOT NULL, "declarer_carreer" varchar(80) NOT NULL, "declarer_address" varchar(100) NOT NULL, "date_declaration" datetime NOT NULL, "date_created" datetime NOT NULL, "date_modified" datetime NOT NULL, "fokotany_id" bigint NOT NULL REFERENCES "administration_fokotany" ("id") DEFERRABLE INITIALLY DEFERRED, "responsible_staff_id" bigint NOT NULL REFERENCES "administration_staff" ("id") DEFERRABLE INITIALLY DEFERRED, "dead_id" bigint NOT NULL REFERENCES "civil_person" ("id") DEFERRABLE INITIALLY DEFERRED, "declarer_id" bigint NOT NULL REFERENCES "civil_person" ("id") DEFERRABLE INITIALLY DEFERRED, "was_born" bool NOT NULL, "father_id" bigint NULL REFERENCES "civil_person" ("id") DEFERRABLE INITIALLY DEFERRED, "mother_id" bigint NULL REFERENCES "civil_person" ("id") DEFERRABLE INITIALLY DEFERRED, "date_register" datetime NULL, "number" integer NOT NULL, CONSTRAINT "unique_death_certificate" UNIQUE ("dead_id", "declarer_id", "responsible_staff_id", "fokotany_id"));
CREATE TABLE IF NOT EXISTS "events_event" ("id" integer NOT NULL PRIMARY KEY AUTOINCREMENT, "name" varchar(50) NOT NULL, "description" text NOT NULL, "date_event" date NOT NULL, "date_created" date NOT NULL, "date_modified" date NOT NULL);
CREATE TABLE IF NOT EXISTS "events_commerceevent" ("event_ptr_id" bigint NOT NULL PRIMARY KEY REFERENCES "events_event" ("id") DEFERRABLE INITIALLY DEFERRED, "marchand" varchar(100) NOT NULL);
CREATE TABLE IF NOT EXISTS "civil_birthcertificate" ("id" integer NOT NULL PRIMARY KEY AUTOINCREMENT, "number" integer NOT NULL, "father_carreer" varchar(80) NULL, "father_address" varchar(100) NULL, "mother_carreer" varchar(80) NOT NULL, "mother_address" varchar(100) NOT NULL, "declarer_relationship" varchar(80) NOT NULL, "declarer_carreer" varchar(80) NOT NULL, "declarer_address" varchar(100) NOT NULL, "declarer_was_present" bool NOT NULL, "responsible_staff_name" varchar(100) NOT NULL, "responsible_staff_role" varchar(100) NOT NULL, "certificate_type" varchar(1) NOT NULL, "was_alive" bool NOT NULL, "date_declaration" datetime NOT NULL, "date_register" datetime NULL, "date_recognization" datetime NULL, "date_created" datetime NOT NULL, "date_modified" datetime NOT NULL, "fokotany_id" bigint NOT NULL REFERENCES "administration_fokotany" ("id") DEFERRABLE INITIALLY DEFERRED, "responsible_staff_id" bigint NOT NULL REFERENCES "administration_staff" ("id") DEFERRABLE INITIALLY DEFERRED, "born_id" bigint NOT NULL REFERENCES "civil_person" ("id") DEFERRABLE INITIALLY DEFERRED, "declarer_id" bigint NOT NULL REFERENCES "civil_person" ("id") DEFERRABLE INITIALLY DEFERRED, "father_id" bigint NULL REFERENCES "civil_person" ("id") DEFERRABLE INITIALLY DEFERRED, "mother_id" bigint NOT NULL REFERENCES "civil_person" ("id") DEFERRABLE INITIALLY DEFERRED, CONSTRAINT "unique_birth_certificate" UNIQUE ("born_id", "father_id", "mother_id", "declarer_id"));
INSERT INTO civil_birthcertificate VALUES(1,193,'Mpamboly','Betsiaka','Mpamboly','Betsiaka','rain-jaza','Mpamboly','Betsiaka',1,'TEXNAS Marie Edonisse Henri','Ben''ny Tanàna','R',1,'2021-04-16 05:00:00.000000','2021-04-16 05:00:00.000000','2021-04-16 05:00:00.000000','2025-10-30 08:22:55.185567','2025-10-30 08:22:55.185567',2,1,1,3,3,2);
INSERT INTO civil_birthcertificate VALUES(2,194,'Mpamboly','Ambilo','Mpamboly','Ambilo','rain-jaza','Mpamboly','Ambilo',1,'TEXNAS Marie Edonisse Henri','Ben''ny Tanàna','R',1,'2021-03-16 05:30:00.000000','2021-04-16 05:30:00.000000','2021-04-16 05:30:00.000000','2025-10-30 08:30:05.710894','2025-10-30 08:30:05.710894',2,1,4,6,6,5);
INSERT INTO civil_birthcertificate VALUES(3,195,'Mpamboly','Manakana','Mpamboly','Manakana','rain- jaza','Mpamboly','Manakana',1,'TEXNAS Marie Edonisse Henri','Ben''ny Tanàna','R',1,'2021-03-16 06:00:00.000000','2021-04-16 06:00:00.000000','2021-04-16 06:00:00.000000','2025-10-30 08:36:40.662715','2025-10-30 08:36:40.663206',2,1,7,9,9,8);
INSERT INTO civil_birthcertificate VALUES(4,196,'Mpamboly','Betsiaka','Mpamboly','Betsiaka','rain - janza','Mpamboly','Betsiaka',1,'TEXNAS Marie Edonisse Henri','Ben''ny Tanàna','R',1,'2021-03-21 05:00:00.000000','2021-04-21 05:00:00.000000','2021-04-21 05:00:00.000000','2025-10-30 08:42:25.972077','2025-10-30 08:42:25.972077',2,1,10,12,12,11);
INSERT INTO civil_birthcertificate VALUES(5,197,'Mpamboly','Betsiaka','Mpamboly','Betsiaka','rain - janza','Mpamboly','Betsiaka',1,'TEXNAS Marie Edonisse Henri','Ben''ny Tanàna','R',1,'2021-04-21 05:30:00.000000','2021-04-21 05:30:00.000000','2021-04-21 05:30:00.000000','2025-10-30 08:49:53.763853','2025-10-30 08:49:53.763853',2,1,13,15,15,14);
INSERT INTO civil_birthcertificate VALUES(6,198,'Mpamboly','Betsiaka','Mpamboly','Betsiaka','renin - jaza','Mpamboly','Betsiaka',1,'TEXNAS Marie Edonisse Henri','Ben''ny Tanàna','R',1,'2021-03-21 06:00:00.000000','2021-04-21 06:00:00.000000','2021-04-21 06:00:00.000000','2025-10-30 08:55:47.372304','2025-10-30 08:55:47.372304',2,1,16,17,18,17);
INSERT INTO civil_birthcertificate VALUES(7,199,'Mpamboly','Betsiaka','Mpamboly','Betsiaka','rain - janza','Mpamboly','Betsiaka',1,'TEXNAS Marie Edonisse Henri','Ben''ny Tanàna','R',1,'2021-03-21 06:30:00.000000','2021-04-21 06:30:00.000000','2021-04-21 06:30:00.000000','2025-10-30 09:03:35.717736','2025-10-30 09:03:35.717736',2,1,19,22,21,20);
INSERT INTO civil_birthcertificate VALUES(8,200,'Mpamboly','Ankaramy','Mpamboly','Ankaramy','rain - janza','Mpamboly','Ankaramy',1,'TEXNAS Marie Edonisse Henri','Ben''ny Tanàna','R',1,'2021-03-27 05:00:00.000000','2021-04-27 05:00:00.000000','2021-04-27 05:00:00.000000','2025-10-30 09:08:53.337582','2025-10-30 09:08:53.337582',4,1,23,26,25,24);
INSERT INTO civil_birthcertificate VALUES(10,202,'Mpamboly','Ambodivoara - Fihety','Mpamboly','Ambodivoara - Fihety','zaman - jaza','Mpamboly','Fihety',1,'TEXNAS Marie Edonisse Henri','Ben''ny Tanàna','R',1,'2021-03-21 05:20:00.000000','2021-04-21 12:30:00.000000','2021-04-21 12:30:00.000000','2025-10-30 10:42:42.425723','2025-10-30 10:42:42.425723',7,1,30,33,32,31);
INSERT INTO civil_birthcertificate VALUES(11,203,'Mpamboly','Ambilo','Mpamboly','Ambilo','Mpanatrika','Mpampivelona','Ambilo',1,'TEXNAS Marie Edonisse Henri','Ben''ny Tanàna','R',1,'2021-04-27 05:00:00.000000','2021-04-27 05:00:00.000000','2021-04-27 05:00:00.000000','2025-10-30 10:49:52.619320','2025-10-30 10:49:52.619320',2,1,34,37,36,35);
INSERT INTO civil_birthcertificate VALUES(12,204,'Mpamboly','Mantalimaro','Mpamboly','Mantalimaro','rain - janza','Mpamboly','Mantalimaro',1,'TEXNAS Marie Edonisse Henri','Ben''ny Tanàna','R',1,'2021-03-20 05:30:00.000000','2021-04-20 05:30:00.000000','2021-04-20 05:30:00.000000','2025-10-30 10:56:19.292421','2025-10-30 10:56:19.292421',1,1,38,40,40,39);
INSERT INTO civil_birthcertificate VALUES(13,205,'Mpamboly','Antanandava','Mpamboly','Antanandava','Mpanatrika','chef fokotany','Sandranary',1,'TEXNAS Marie Edonisse Henri','Ben''ny Tanàna','R',1,'2021-04-27 06:00:00.000000','2021-04-27 06:00:00.000000','2021-04-27 06:00:00.000000','2025-10-30 11:05:16.877040','2025-10-30 11:05:16.877040',9,1,41,44,43,42);
INSERT INTO civil_birthcertificate VALUES(14,206,'Mpamboly','Ankaramy','Mpamboly','Ankaramy','rain - janza','Mpamboly','Ankaramy27',1,'TEXNAS Marie Edonisse Henri','Ben''ny Tanàna','R',1,'2021-04-27 06:20:00.000000','2021-04-27 06:30:00.000000','2021-04-27 06:30:00.000000','2025-10-30 11:12:34.665459','2025-10-30 11:12:34.665459',4,1,45,47,47,46);
INSERT INTO civil_birthcertificate VALUES(15,207,'Mpamboly','Ambodivoara - Fihety','Mpamboly','Ambodivoara - Fihety','zaman - jaza','Mpamboly','Fihety',1,'TEXNAS Marie Edonisse Henri','Ben''ny Tanàna','R',1,'2021-04-27 07:00:00.000000','2021-04-27 07:00:00.000000','2021-04-27 07:00:00.000000','2025-10-30 11:20:04.406233','2025-10-30 11:20:04.406233',7,1,48,51,50,49);
INSERT INTO civil_birthcertificate VALUES(16,208,'Mpamboly','Bizotelo','Mpamboly','Bizotelo','rain - janza','Mpamboly','Bizotelo',1,'TEXNAS Marie Edonisse Henri','Ben''ny Tanàna','R',1,'2021-04-27 05:00:00.000000','2021-04-27 05:30:00.000000','2021-04-27 05:30:00.000000','2025-10-30 11:37:24.244768','2025-10-30 11:37:24.244768',2,1,52,54,54,53);
INSERT INTO civil_birthcertificate VALUES(17,209,'Mpamboly','Betsiaka','Mpamboly','Betsiaka','rain - janza','Mpamboly','Betsiaka',1,'TEXNAS Marie Edonisse Henri','Ben''ny Tanàna','R',1,'2021-03-30 05:00:00.000000','2021-04-30 05:00:00.000000','2021-04-30 05:00:00.000000','2025-10-30 11:44:40.999559','2025-10-30 11:44:40.999559',2,1,55,58,57,56);
INSERT INTO civil_birthcertificate VALUES(18,210,'Mpamboly','Ankaramy','Mpamboly','Ankaramy','rain - janza','Mpamboly','Ankaramy',1,'TEXNAS Marie Edonisse Henri','Ben''ny Tanàna','R',1,'2021-04-30 06:00:00.000000','2021-04-30 05:30:00.000000','2021-04-30 05:30:00.000000','2025-10-30 11:52:04.284921','2025-10-30 11:52:04.284921',4,1,59,61,61,60);
INSERT INTO civil_birthcertificate VALUES(19,211,'Mpamboly','Fihety','Mpamboly','Fihety','zaman - jaza','Mpamboly','Fihety',1,'TEXNAS Marie Edonisse Henri','Ben''ny Tanàna','R',1,'2021-03-30 06:00:00.000000','2021-04-30 06:00:00.000000','2021-04-30 06:00:00.000000','2025-10-30 11:58:52.640864','2025-10-30 11:58:52.640864',7,1,62,51,64,63);
INSERT INTO civil_birthcertificate VALUES(20,212,'Mpamboly','Ambilo','Mpamboly','Ambilo','rain - janza','Mpamboly','Ambilo',1,'TEXNAS Marie Edonisse Henri','Ben''ny Tanàna','R',1,'2021-03-30 05:00:00.000000','2021-04-30 06:30:00.000000','2021-04-30 06:30:00.000000','2025-10-30 12:10:02.121808','2025-10-30 12:10:02.121808',2,1,65,67,67,66);
INSERT INTO civil_birthcertificate VALUES(21,213,'Mpamboly','Bobandrongo','Mpamboly','Bobandrongo','rain - janza','Mpamboly','Bobandrongo',1,'TEXNAS Marie Edonisse Henri','Ben''ny Tanàna','R',1,'2021-04-30 07:00:00.000000','2021-04-30 07:00:00.000000','2021-04-30 07:00:00.000000','2025-10-30 12:17:11.556730','2025-10-30 12:17:11.556730',12,1,68,70,70,69);
INSERT INTO civil_birthcertificate VALUES(22,214,'Mpamboly','Ambodiadabo','Mpamboly','Ambodiadabo','Dadilahin-jaza','Mpamboly','Fihety',1,'TEXNAS Marie Edonisse Henri','Ben''ny Tanàna','R',1,'2021-04-30 07:00:00.000000','2021-04-30 07:00:00.000000','2021-04-30 07:00:00.000000','2025-10-30 12:26:11.289927','2025-10-30 12:26:11.289927',7,1,71,51,73,72);
INSERT INTO civil_birthcertificate VALUES(23,215,'Mpamboly','Labeka','Mpamboly','Labeka','rain - janza','Mpamboly','Labeka',1,'TEXNAS Marie Edonisse Henri','Ben''ny Tanàna','R',1,'2021-04-04 05:00:00.000000','2021-05-04 05:00:00.000000','2021-05-04 05:00:00.000000','2025-10-30 12:34:22.331530','2025-10-30 12:34:22.331530',1,1,74,76,76,75);
INSERT INTO civil_birthcertificate VALUES(24,216,'Mpamboly','Antsohy - Ambany','Mpamboly','Antsohy - Ambany','rain - janza','Mpamboly','Antsohy - Ambany',1,'TEXNAS Marie Edonisse Henri','Ben''ny Tanàna','R',1,'2021-05-04 05:00:00.000000','2021-05-04 05:30:00.000000','2021-05-04 05:30:00.000000','2025-10-30 12:43:24.877579','2025-10-30 12:43:24.877579',2,1,77,79,79,78);
INSERT INTO civil_birthcertificate VALUES(25,217,'Mpamboly','Antanandava','Mpamboly','Antanandava','Mpanatrika','chef fokotany','Sandranary',1,'TEXNAS Marie Edonisse Henri','Ben''ny Tanàna','R',1,'2021-03-04 06:00:00.000000','2021-05-04 06:00:00.000000','2021-05-04 06:00:00.000000','2025-10-30 12:53:50.670013','2025-10-30 12:53:50.670013',9,1,80,83,82,81);
INSERT INTO civil_birthcertificate VALUES(26,218,'Mpamboly','Betsiaka','Mpamboly','Betsiaka','rain - janza','Mpamboly','Betsiaka',1,'TEXNAS Marie Edonisse Henri','Ben''ny Tanàna','R',1,'2021-05-04 06:00:00.000000','2021-05-04 06:30:00.000000','2021-05-04 06:30:00.000000','2025-10-30 13:00:52.014266','2025-10-30 13:00:52.014266',2,1,84,86,86,85);
INSERT INTO civil_birthcertificate VALUES(27,219,'Mpamboly','Sandranary','Mpamboly','Sandranary','Mpanatrika','chef fokotany','Sandranary',1,'TEXNAS Marie Edonisse Henri','Ben''ny Tanàna','R',1,'2021-05-04 05:30:00.000000','2021-05-04 07:00:00.000000','2021-05-04 07:00:00.000000','2025-10-30 13:08:36.378811','2025-10-30 13:08:36.378811',9,1,87,83,89,88);
INSERT INTO civil_birthcertificate VALUES(28,220,'Mpamboly','Ambilo','Mpamboly','Ambilo','Mpanatrika','Mpampivelona','Ambilo',1,'TEXNAS Marie Edonisse Henri','Ben''ny Tanàna','R',1,'2021-05-04 07:00:00.000000','2021-05-04 07:30:00.000000','2021-05-04 07:30:00.000000','2025-10-30 13:17:02.234092','2025-10-30 13:17:02.234092',2,1,90,93,92,91);
INSERT INTO civil_birthcertificate VALUES(29,221,'Mpamboly','Antanandava','Mpamboly','Antanandava','Mpanatrika','chef fokotany','Sandranary',1,'TEXNAS Marie Edonisse Henri','Ben''ny Tanàna','R',1,'2021-04-04 05:00:00.000000','2021-05-04 12:00:00.000000','2021-05-04 12:00:00.000000','2025-10-30 13:25:02.968477','2025-10-30 13:25:02.968477',9,1,94,83,96,95);
INSERT INTO civil_birthcertificate VALUES(30,222,'Mpamboly','Betsiaka','Mpamboly','Betsiaka','rain - janza','Mpamboly','Betsiaka',1,'TEXNAS Marie Edonisse Henri','Ben''ny Tanàna','R',1,'2021-05-04 05:30:00.000000','2021-05-04 12:00:00.000000','2021-05-04 12:00:00.000000','2025-10-30 16:53:39.589677','2025-10-30 16:53:39.589677',2,1,97,100,99,98);
INSERT INTO civil_birthcertificate VALUES(31,233,'Mpamboly','Ambararata - Loky','Mpamboly','Ambararata - Loky','rain - janza','Mpamboly','Ambararata - Loky',1,'TEXNAS Marie Edonisse Henri','Ben''ny Tanàna','R',1,'2021-05-07 05:00:00.000000','2021-05-07 05:00:00.000000','2021-05-07 05:00:00.000000','2025-10-30 17:00:48.000855','2025-10-30 17:00:48.000855',6,1,101,103,103,102);
INSERT INTO civil_birthcertificate VALUES(32,224,'Mpamboly','Ankaramy','Mpamboly','Ankaramy','rain - janza','Mpamboly','Ankaramy',1,'TEXNAS Marie Edonisse Henri','Ben''ny Tanàna','R',1,'2021-05-07 05:30:00.000000','2021-05-07 05:30:00.000000','2021-05-07 05:30:00.000000','2025-10-30 17:10:45.133471','2025-10-30 17:10:45.133471',4,1,104,106,106,105);
INSERT INTO civil_birthcertificate VALUES(33,225,'Mpamboly','Ankaramy','Mpamboly','Ankaramy','rain - janza','Mpamboly','Ankaramy',1,'TEXNAS Marie Edonisse Henri','Ben''ny Tanàna','R',1,'2021-05-07 06:00:00.000000','2021-05-07 06:00:00.000000','2021-05-07 06:00:00.000000','2025-10-30 17:15:13.006492','2025-10-30 17:15:13.006492',4,1,107,106,106,105);
INSERT INTO civil_birthcertificate VALUES(34,226,'Mpamboly','Betsiaka','Mpamboly','Betsiaka','rain - janza','Mpamboly','Betsiaka07',1,'TEXNAS Marie Edonisse Henri','Ben''ny Tanàna','R',1,'2021-05-07 06:00:00.000000','2021-05-07 06:30:00.000000','2021-05-07 06:30:00.000000','2025-10-30 17:22:43.410563','2025-10-30 17:22:43.410563',2,1,108,110,110,109);
INSERT INTO civil_birthcertificate VALUES(35,227,'Mpamboly','Betsiaka','Mpamboly','Betsiaka','Dadilahin-jaza','Mpamboly','Betsiaka',1,'TEXNAS Marie Edonisse Henri','Ben''ny Tanàna','R',1,'2021-04-07 05:30:00.000000','2021-05-07 05:00:00.000000','2021-05-07 05:00:00.000000','2025-10-31 07:06:10.022943','2025-10-31 07:06:10.022943',2,1,111,114,113,112);
INSERT INTO civil_birthcertificate VALUES(36,228,'Mpamboly','Betsiaka','Mpamboly','Betsiaka','rain - janza','Mpamboly','Betsiaka',1,'TEXNAS Marie Edonisse Henri','Ben''ny Tanàna','R',1,'2021-04-07 07:00:00.000000','2021-05-07 07:30:00.000000','2021-05-07 07:30:00.000000','2025-10-31 07:32:53.990523','2025-10-31 07:32:53.990523',2,1,115,117,117,116);
INSERT INTO civil_birthcertificate VALUES(37,229,'Mpamboly','Betsiaka','Mpamboly','Betsiaka','rain - janza','Mpamboly','Betsiaka',1,'TEXNAS Marie Edonisse Henri','Ben''ny Tanàna','R',1,'2025-10-01 07:24:00.000000','2021-05-10 05:30:00.000000','2021-05-10 05:30:00.000000','2025-10-31 07:43:52.965655','2025-10-31 07:43:52.965655',2,1,118,121,120,119);
INSERT INTO civil_birthcertificate VALUES(38,230,'Mpamboly','Ambilo','Mpamboly','Ambilo','renin - jaza','Mpamboly','Ambilo',1,'TEXNAS Marie Edonisse Henri','Ben''ny Tanàna','R',1,'2021-05-10 05:30:00.000000','2021-05-10 05:30:00.000000','2021-05-10 05:30:00.000000','2025-10-31 07:52:22.258047','2025-10-31 07:52:22.258047',2,1,122,123,124,123);
INSERT INTO civil_birthcertificate VALUES(39,231,'Mpamboly','Andrafialava','Mpamboly','Andrafialava','Mpanatrika','Mpampivelona','Andrafialava',1,'TEXNAS Marie Edonisse Henri','Ben''ny Tanàna','R',1,'2021-04-10 06:00:00.000000','2021-05-10 06:00:00.000000','2021-05-10 06:00:00.000000','2025-10-31 08:06:05.704339','2025-10-31 08:06:05.704339',3,1,125,128,127,126);
INSERT INTO civil_birthcertificate VALUES(41,233,'Mpamboly','Antsohy - Ambany','Mpamboly','Antsohy - Ambany','rain - janza','Mpamboly','Antsohy - Ambany',1,'TEXNAS Marie Edonisse Henri','Ben''ny Tanàna','R',1,'2021-04-14 05:00:00','2021-05-14 06:00:00','2021-05-14 06:00:00','2025-11-03 06:09:55.147046','2025-11-03 06:09:55.147058',2,1,132,134,134,133);
INSERT INTO civil_birthcertificate VALUES(42,234,'Mpamboly','Ampasimaty - Loky','Mpamboly','Ampasimaty - Loky','rain - janza','Mpamboly','Ampasimaty - Loky',1,'TEXNAS Marie Edonisse Henri','Ben''ny Tanàna','R',1,'2021-04-11 05:48:00','2021-05-11 05:00:00','2021-05-11 05:00:00','2025-11-03 06:24:46.235239','2025-11-03 06:24:46.235250',11,1,135,137,137,136);
INSERT INTO civil_birthcertificate VALUES(43,235,'Mpamboly','Betsiaka','Mpamboly','Betsiaka','rain - janza','Mpamboly','Betsiaka',1,'TEXNAS Marie Edonisse Henri','Ben''ny Tanàna','R',1,'2021-04-11 06:00:00','2021-05-11 05:30:00','2021-05-11 05:30:00','2025-11-03 06:33:27.759161','2025-11-03 06:33:27.759172',2,1,138,140,140,139);
INSERT INTO civil_birthcertificate VALUES(44,236,'Mpamboly','Ampiamonina','Mpamboly','Ampiamonina','rain - janza','Mpamboly','Ampiamonina',1,'TEXNAS Marie Edonisse Henri','Ben''ny Tanàna','R',1,'2021-04-14 06:00:00','2021-05-14 05:00:00','2021-05-14 05:00:00','2025-11-03 06:41:30.236737','2025-11-03 06:41:30.236747',2,1,141,143,143,142);
INSERT INTO civil_birthcertificate VALUES(45,237,'Mpamboly','Ampasimaty - Loky','Mpamboly','Ampasimaty - Loky','rain - janza','Mpamboly','Ampasimaty - Loky',1,'TEXNAS Marie Edonisse Henri','Ben''ny Tanàna','R',1,'2021-05-14 06:00:00','2021-05-14 05:30:00','2021-05-14 05:30:00','2025-11-03 06:50:59.309268','2025-11-03 06:50:59.309278',11,1,144,146,146,145);
INSERT INTO civil_birthcertificate VALUES(46,238,'Mpamboly','Betsiaka','Mpamboly','Betsiaka','rain - janza','Mpamboly','Betsiaka',1,'TEXNAS Marie Edonisse Henri','Ben''ny Tanàna','R',1,'2021-04-14 05:40:00','2021-05-14 06:00:00','2021-05-14 06:00:00','2025-11-03 10:48:30.786673','2025-11-03 10:48:30.786684',2,1,147,149,149,148);
INSERT INTO civil_birthcertificate VALUES(47,232,'Mpamboly','Antanamivony','Mpamboly','Antanamivony','rain - janza','Mpamboly','Antanamivony',1,'TEXNAS Marie Edonisse Henri','Ben''ny Tanàna','R',1,'2021-04-10 06:00:00','2021-05-10 06:20:00','2021-05-10 06:20:00','2025-11-03 23:21:54.533816','2025-11-03 23:21:54.533827',5,1,150,152,152,151);
INSERT INTO civil_birthcertificate VALUES(48,201,'Mpamboly','Betsiaka','Mpamboly','Betsiaka','rain - janza','Mpamboly','Betsiaka',1,'TEXNAS Marie Edonisse Henri','Ben''ny Tanàna','R',1,'2021-04-21 07:00:00','2021-04-21 07:30:00','2021-04-21 07:30:00','2025-11-03 23:26:46.494298','2025-11-03 23:26:46.494308',2,1,153,155,155,154);
INSERT INTO civil_birthcertificate VALUES(49,239,'Mpamboly','Ankivanja','Mpamboly','Ankivanja','Dadin-jaza','Mpamboly','Anorohala',1,'TEXNAS Marie Edonisse Henri','Ben''ny Tanàna','R',1,'2021-05-14 05:00:00','2021-05-14 06:00:00','2021-05-14 06:00:00','2025-11-03 23:35:51.786100','2025-11-03 23:35:51.786110',12,1,156,159,158,157);
INSERT INTO civil_birthcertificate VALUES(50,240,'Mpamboly','Ambilo','Mpamboly','Ambilo','rain - janza','Mpamboly','Ambilo',1,'TEXNAS Marie Edonisse Henri','Ben''ny Tanàna','R',1,'2021-04-17 05:00:00','2021-05-17 05:00:00','2021-05-17 05:00:00','2025-11-03 23:44:56.439920','2025-11-03 23:44:56.439930',2,1,160,162,162,161);
INSERT INTO civil_birthcertificate VALUES(51,241,'Mpamboly','Mahavanona','Mpamboly','Mahavanona','Dadilahin-jaza','Mpamboly','Mahavanona',1,'TEXNAS Marie Edonisse Henri','Ben''ny Tanàna','R',1,'2021-05-17 05:30:00','2021-05-17 05:30:00','2021-05-17 05:30:00','2025-11-03 23:54:48.892639','2025-11-03 23:54:48.892649',2,1,163,166,165,164);
INSERT INTO civil_birthcertificate VALUES(52,242,'Mpamboly','Mahavanona','Mpamboly','Mahavanona','Dadilahin-jaza','Mpamboly','Mahavanona',1,'TEXNAS Marie Edonisse Henri','Ben''ny Tanàna','R',1,'2021-05-17 05:00:00','2021-05-17 06:00:00','2021-05-17 06:00:00','2025-11-04 00:02:46.378232','2025-11-04 00:02:46.378243',2,1,167,166,165,164);
INSERT INTO civil_birthcertificate VALUES(53,243,'Mpamboly','Andrafialava','Mpamboly','Andrafialava','rain - janza','Mpamboly','Andrafialava',1,'TEXNAS Marie Edonisse Henri','Ben''ny Tanàna','R',1,'2021-04-18 05:00:00','2021-05-18 05:00:00','2021-05-18 05:00:00','2025-11-04 00:10:04.633643','2025-11-04 00:10:04.633653',3,1,168,170,170,169);
INSERT INTO civil_birthcertificate VALUES(54,244,'Mpamboly','Betsiaka','Mpamboly','Betsiaka','rain - janza','Mpamboly','Betsiaka',1,'TEXNAS Marie Edonisse Henri','Ben''ny Tanàna','R',1,'2021-04-18 05:30:00','2021-05-18 05:30:00','2021-05-18 05:30:00','2025-11-04 00:19:58.860311','2025-11-04 00:19:58.860322',2,1,171,174,173,172);
INSERT INTO civil_birthcertificate VALUES(55,245,'Mpamboly','Mahavanona','Mpamboly','Mahavanona','Dadilahin-jaza','Mpamboly','Mahavanona',1,'TEXNAS Marie Edonisse Henri','Ben''ny Tanàna','R',1,'2021-04-18 06:00:00','2021-05-18 06:00:00','2021-05-18 06:00:00','2025-11-04 00:38:23.037671','2025-11-04 00:38:23.037681',12,1,175,166,177,176);
INSERT INTO civil_birthcertificate VALUES(56,246,'Mpamboly','Betsiaka','Mpamboly','Betsiaka','rain - janza','Mpamboly','Betsiaka',1,'TEXNAS Marie Edonisse Henri','Ben''ny Tanàna','R',1,'2021-05-20 05:00:00','2021-05-20 06:30:00','2021-05-20 06:30:00','2025-11-04 01:07:45.595656','2025-11-04 01:07:45.595667',2,1,178,180,180,179);
INSERT INTO civil_birthcertificate VALUES(57,247,'Mpamboly','Mahavanona','Mpamboly','Mahavanona','Dadilahin-jaza','Mpamboly','Mahavanona',1,'TEXNAS Marie Edonisse Henri','Ben''ny Tanàna','R',1,'2021-04-20 06:10:00','2021-05-20 07:00:00','2021-05-20 07:00:00','2025-11-04 01:16:49.820026','2025-11-04 01:16:49.820036',12,1,181,166,183,182);
INSERT INTO civil_birthcertificate VALUES(58,248,'Mpamboly','Andrafialava','Mpamboly','Andrafialava','rain - janza','Mpamboly','Andrafialava',1,'TEXNAS Marie Edonisse Henri','Ben''ny Tanàna','R',1,'2021-04-20 06:00:00','2021-05-20 07:30:00','2021-05-20 07:30:00','2025-11-04 01:27:32.681305','2025-11-04 01:27:32.681314',3,1,184,186,186,185);
INSERT INTO civil_birthcertificate VALUES(59,249,'Mpamboly','Antanamivony','Mpamboly','Antanamivony','rain - janza','Mpamboly','Antanamivony',1,'TEXNAS Marie Edonisse Henri','Ben''ny Tanàna','R',1,'2021-04-20 07:00:00','2021-05-20 08:00:00','2021-05-20 08:00:00','2025-11-04 01:40:11.315621','2025-11-04 01:40:11.315636',5,1,187,189,189,188);
INSERT INTO civil_birthcertificate VALUES(60,250,'Mpamboly','Betsiaka','Mpamboly','Betsiaka','rain - janza','Mpamboly','Betsiaka',1,'TEXNAS Marie Edonisse Henri','Ben''ny Tanàna','R',1,'2021-04-20 05:30:00','2021-05-20 12:00:00','2021-05-20 12:00:00','2025-11-04 01:49:56.842754','2025-11-04 01:49:56.842765',2,1,190,192,192,191);
INSERT INTO civil_birthcertificate VALUES(61,251,'Mpamboly','Antanamivony','Mpamboly','Antanamivony','rain - janza','Mpamboly','Antanamivony',1,'TEXNAS Marie Edonisse Henri','Ben''ny Tanàna','R',1,'2021-05-20 06:00:00','2021-05-20 12:30:00','2021-05-20 12:30:00','2025-11-04 01:57:51.053015','2025-11-04 01:57:51.053026',5,1,193,195,195,194);
INSERT INTO civil_birthcertificate VALUES(62,252,'Mpamboly','Betsiaka','Mpamboly','Betsiaka','rain - janza','Mpamboly','Betsiaka',1,'TEXNAS Marie Edonisse Henri','Ben''ny Tanàna','R',1,'2021-04-20 05:30:00','2021-05-20 13:00:00','2021-05-20 13:00:00','2025-11-04 02:06:05.907136','2025-11-04 02:06:05.907147',2,1,196,198,198,197);
INSERT INTO civil_birthcertificate VALUES(63,253,'Mpamboly','Ambararata - Loky','Mpamboly','Ambararata - Loky','rain - janza','Mpamboly','Ambararata - Loky',1,'TEXNAS Marie Edonisse Henri','Ben''ny Tanàna','R',1,'2021-04-20 05:30:00','2021-05-20 13:30:00','2021-05-20 13:30:00','2025-11-04 02:14:07.565788','2025-11-04 02:14:07.565799',6,1,199,201,201,200);
INSERT INTO civil_birthcertificate VALUES(64,254,'Mpamboly','Antanandava','Mpamboly','Antanandava','Mpanatrika','chef fokotany','Sandranary',1,'TEXNAS Marie Edonisse Henri','Ben''ny Tanàna','R',1,'2021-04-21 05:00:00','2021-05-21 05:00:00','2021-05-21 05:00:00','2025-11-04 02:36:33.415877','2025-11-04 02:36:33.415888',9,1,202,205,204,203);
INSERT INTO civil_birthcertificate VALUES(65,255,'Mpamboly','Ankatoko','Mpamboly','Ankatoko','rain - janza','Mpamboly','Ankatoko',1,'TEXNAS Marie Edonisse Henri','Ben''ny Tanàna','R',1,'2021-04-21 05:30:00','2021-05-21 05:30:00','2021-05-21 05:30:00','2025-11-04 02:43:17.650444','2025-11-04 02:43:17.650454',1,1,206,208,208,207);
INSERT INTO civil_birthcertificate VALUES(66,256,'Mpamboly','Ankaramy','Mpamboly','Ankaramy','Mpanatrika','Mpampivelona','Ankaramy',1,'TEXNAS Marie Edonisse Henri','Ben''ny Tanàna','R',1,'2021-04-21 05:35:00','2021-05-21 06:00:00','2021-05-21 06:00:00','2025-11-04 02:54:42.295464','2025-11-04 02:54:42.295474',4,1,209,212,211,210);
INSERT INTO civil_birthcertificate VALUES(67,257,'Mpamboly','Ankaramy','Mpamboly','Ankaramy','Mpanatrika','Mpampivelona','Ankaramy',1,'TEXNAS Marie Edonisse Henri','Ben''ny Tanàna','R',1,'2021-04-21 06:00:00','2021-05-21 06:30:00','2021-05-21 06:30:00','2025-11-04 03:01:05.292560','2025-11-04 03:01:05.292571',4,1,213,212,215,214);
INSERT INTO civil_birthcertificate VALUES(68,258,'Mpamboly','Betsiaka','Mpamboly','Betsiaka','Mpanatrika','Lehiben''ny Boriboritany','Betsiaka',1,'TEXNAS Marie Edonisse Henri','Ben''ny Tanàna','R',1,'2021-04-21 05:30:00','2021-05-21 07:00:00','2021-05-21 07:00:00','2025-11-04 05:02:16.641303','2025-11-04 05:02:16.641313',2,1,216,219,218,217);
INSERT INTO civil_birthcertificate VALUES(69,259,'Mpamboly','Ankiakalava','Mpamboly','Ankiakalava','rain - janza','Mpamboly','Ankiakalava',1,'TEXNAS Marie Edonisse Henri','Ben''ny Tanàna','R',1,'2021-04-21 06:30:00','2021-05-21 07:30:00','2021-05-21 07:30:00','2025-11-04 05:14:01.651910','2025-11-04 05:14:01.651920',2,1,220,222,222,221);
INSERT INTO civil_birthcertificate VALUES(70,260,'Mpamboly','Ampahaka','Mpamboly','Ampahaka','Dadilahin-jaza','Mpamboly','Anorinala',1,'TEXNAS Marie Edonisse Henri','Ben''ny Tanàna','R',1,'2021-04-21 05:30:00','2021-05-21 12:00:00','2021-05-21 12:00:00','2025-11-04 05:30:26.264163','2025-11-04 05:30:26.264172',10,1,223,226,225,224);
INSERT INTO civil_birthcertificate VALUES(73,261,'Mpamboly','Ampiamonina','Mpamboly','Ampiamonina','rain - janza','Mpamboly','Ampiamonina',1,'TEXNAS Marie Edonisse Henri','Ben''ny Tanàna','R',1,'2021-04-21 05:30:00','2021-05-21 12:30:00','2021-05-21 12:30:00','2025-11-04 05:55:21.784204','2025-11-04 05:55:21.784212',2,1,227,229,229,228);
INSERT INTO civil_birthcertificate VALUES(74,262,NULL,NULL,'Mpamboly','Ambararata - Loky','Mpanatrika','Adjoint Chef Fokotany','Ambararata - Loky',1,'TEXNAS Marie Edonisse Henri','Ben''ny Tanàna','N',1,'2021-04-21 05:30:00','2021-05-21 13:00:00',NULL,'2025-11-04 05:59:22.157596','2025-11-04 05:59:22.157605',6,1,230,232,NULL,231);
INSERT INTO civil_birthcertificate VALUES(75,263,'Mpamboly','Ankaramy','Mpamboly','Ankaramy','Mpanatrika','Mpampivelona','Ankaramy',1,'TEXNAS Marie Edonisse Henri','Ben''ny Tanàna','R',1,'2021-04-21 05:30:00','2021-05-21 13:30:00','2021-05-21 13:30:00','2025-11-04 06:23:36.287228','2025-11-04 06:23:36.287238',4,1,233,212,235,234);
INSERT INTO civil_birthcertificate VALUES(78,265,'Mpamboly','Bizotelo','Mpamboly','Bizotelo','Dadilahin-jaza','Mpamboly','Bizotelo',1,'TEXNAS Marie Edonisse Henri','Ben''ny Tanàna','R',1,'2021-04-25 05:30:00','2021-05-25 12:30:00','2021-05-25 12:30:00','2025-11-04 06:51:42.219524','2025-11-04 06:51:42.219534',2,1,239,242,241,240);
INSERT INTO civil_birthcertificate VALUES(79,266,'Mpamboly','Ambilo','Mpamboly','Ambilo','rain - janza','Mpamboly','Ambilo',1,'TEXNAS Marie Edonisse Henri','Ben''ny Tanàna','R',1,'2021-04-26 05:00:00','2021-05-26 05:00:00','2021-05-26 05:00:00','2025-11-04 07:02:29.407948','2025-11-04 07:02:29.407960',2,1,243,245,245,244);
INSERT INTO civil_birthcertificate VALUES(80,264,'Mpamboly','Betsiaka','Mpamboly','Betsiaka','rain - janza','Mpamboly','Betsiaka',1,'TEXNAS Marie Edonisse Henri','Ben''ny Tanàna','R',1,'2021-04-25 05:00:00','2021-05-25 12:00:00','2021-05-25 12:00:00','2025-11-04 11:19:29.879950','2025-11-04 11:19:29.879960',2,1,236,238,238,237);
INSERT INTO civil_birthcertificate VALUES(81,267,NULL,NULL,'Mpamboly','Mantalimaro','Mpanatrika','Mpampivelona','Mantalimaro',1,'TEXNAS Marie Edonisse Henri','Ben''ny Tanàna','N',1,'2021-04-28 05:00:00','2021-05-28 05:00:00',NULL,'2025-11-04 11:36:58.350383','2025-11-04 11:36:58.350393',1,1,246,248,NULL,247);
INSERT INTO civil_birthcertificate VALUES(82,268,'Mpamboly','Sandranary','Mpamboly','Sandranary','rain - janza','Mpamboly','Sandranary',1,'TEXNAS Marie Edonisse Henri','Ben''ny Tanàna','R',1,'2012-04-28 05:00:00','2021-05-28 05:00:00','2021-05-28 05:00:00','2025-11-04 12:11:03.133087','2025-11-04 12:11:03.133097',2,1,249,252,251,250);
INSERT INTO civil_birthcertificate VALUES(83,269,'Mpamboly','Labeka','Mpamboly','Labeka','rain - janza','Mpamboly','Labeka',1,'TEXNAS Marie Edonisse Henri','Ben''ny Tanàna','R',1,'2021-05-28 06:00:00','2021-05-28 06:00:00','2021-05-28 06:00:00','2025-11-05 00:50:09.832713','2025-11-05 00:50:09.832724',1,1,253,255,255,254);
INSERT INTO civil_birthcertificate VALUES(84,270,'Mpamboly','Antanambao - Fihety','Mpamboly','Antanambao - Fihety','rain - janza','Mpamboly','Antanambao - Fihety',1,'TEXNAS Marie Edonisse Henri','Ben''ny Tanàna','R',1,'2021-04-28 06:00:00','2021-05-28 06:30:00','2021-05-28 06:30:00','2025-11-05 00:57:42.769128','2025-11-05 00:57:42.769138',7,1,256,258,258,257);
INSERT INTO civil_birthcertificate VALUES(85,271,'Mpamboly','Betsiaka','Mpamboly','Betsiaka','rain - janza','Mpamboly','Betsiaka',1,'TEXNAS Marie Edonisse Henri','Ben''ny Tanàna','R',1,'2021-04-28 06:00:00','2021-05-28 07:00:00','2021-05-28 07:00:00','2025-11-05 01:16:01.475466','2025-11-05 01:16:01.475476',2,1,259,261,261,260);
INSERT INTO civil_birthcertificate VALUES(86,272,'Mpamboly','Antanandava','Mpamboly','Antanandava','Mpanatrika','chef fokotany','Sandranary',1,'TEXNAS Marie Edonisse Henri','Ben''ny Tanàna','R',1,'2021-04-28 06:00:00','2021-05-28 07:30:00','2021-05-28 07:30:00','2025-11-05 01:29:13.493282','2025-11-05 01:29:13.493292',9,1,262,205,264,263);
INSERT INTO civil_birthcertificate VALUES(87,273,'Mpamboly','Tanambao Fihety','Mpamboly','Tanambao Fihety','Mpanatrika','Mpamboly','Fihety',1,'TEXNAS Marie Edonisse Henri','Ben''ny Tanàna','R',1,'2021-04-28 05:30:00','2021-05-28 12:00:00','2021-05-28 12:00:00','2025-11-05 01:37:12.067083','2025-11-05 01:37:12.067092',7,1,265,268,267,266);
INSERT INTO civil_birthcertificate VALUES(88,274,'Mpamboly','Labeka','Mpamboly','Labeka','rain - janza','Mpamboly','Labeka',1,'TEXNAS Marie Edonisse Henri','Ben''ny Tanàna','R',1,'2021-04-28 06:30:00','2021-05-28 12:30:00','2021-05-28 12:30:00','2025-11-05 01:51:26.149457','2025-11-05 01:51:26.149466',1,1,269,272,271,270);
INSERT INTO civil_birthcertificate VALUES(89,275,'Mpitrandraka','Ambilo','Mpitrandraka','Ambilo','Mpanatrika','Mpampivelona','Ambilo',1,'TEXNAS Marie Edonisse Henri','Ben''ny Tanàna','R',1,'2021-04-28 05:30:00','2021-05-28 13:00:00','2021-05-28 13:00:00','2025-11-05 02:13:42.931138','2025-11-05 02:13:42.931148',2,1,273,276,275,274);
INSERT INTO civil_birthcertificate VALUES(90,276,'Mpitrandraka','Ambilo','Mpitrandraka','Ambilo','Mpanatrika','Mpamboly','Ambilo',1,'TEXNAS Marie Edonisse Henri','Ben''ny Tanàna','R',1,'2021-04-28 06:30:00','2021-05-28 13:30:00','2021-05-28 13:30:00','2025-11-05 05:11:44.731875','2025-11-05 05:11:44.731886',2,1,277,276,279,278);
INSERT INTO civil_birthcertificate VALUES(91,277,'Mpamboly','Anaborano - Loky','Mpamboly','Anaborano - Loky','rain - janza','Mpamboly','Anaborano - Loky',1,'TEXNAS Marie Edonisse Henri','Ben''ny Tanàna','R',1,'2021-05-31 05:00:00','2021-05-31 05:00:00','2021-05-31 05:00:00','2025-11-05 05:41:05.338477','2025-11-05 05:41:05.338490',2,1,280,283,282,281);
INSERT INTO civil_birthcertificate VALUES(92,278,'Mpamboly','Labeka','Mpamboly','Labeka','rain - janza','Mpamboly','Labeka',1,'TEXNAS Marie Edonisse Henri','Ben''ny Tanàna','R',1,'2021-04-29 05:00:00','2021-05-31 05:30:00','2021-05-31 05:30:00','2025-11-05 06:08:03.445593','2025-11-05 06:08:03.445605',1,1,284,286,286,285);
INSERT INTO civil_birthcertificate VALUES(93,279,'Mpamboly','Ambararata - Loky','Mpamboly','Ambararata - Loky','Mpanatrika','chef fokotany','Ambararata - Loky',1,'TEXNAS Marie Edonisse Henri','Ben''ny Tanàna','R',1,'2021-04-29 05:00:00','2021-05-31 06:00:00','2021-05-31 06:00:00','2025-11-05 06:21:30.207982','2025-11-05 06:21:30.207992',6,1,287,290,289,288);
INSERT INTO civil_birthcertificate VALUES(94,280,'Mpamboly','Maromokotra','Mpamboly','Maromokotra','rain - janza','Mpamboly','Maromokotra',1,'TEXNAS Marie Edonisse Henri','Ben''ny Tanàna','R',1,'2021-04-29 05:00:00','2021-05-31 06:30:00','2021-05-31 06:30:00','2025-11-05 06:36:09.815110','2025-11-05 06:36:09.815120',2,1,291,293,293,292);
INSERT INTO civil_birthcertificate VALUES(95,281,NULL,NULL,'Mpamboly','Mahavanona','Mpanatrika','chef Sekitera','Mahavanona',1,'TEXNAS Marie Edonisse Henri','Ben''ny Tanàna','N',1,'2021-04-29 05:00:00','2021-05-31 07:00:00',NULL,'2025-11-05 06:51:59.914879','2025-11-05 06:51:59.914889',7,1,294,166,NULL,295);
INSERT INTO civil_birthcertificate VALUES(96,282,'Mpamboly','Ankatakata','Mpamboly','Ankatakata','Mpanatrika','Mpampivelona','Mantalimaro',1,'TEXNAS Marie Edonisse Henri','Ben''ny Tanàna','R',1,'2021-04-29 05:30:00','2021-05-31 07:30:00','2021-05-31 07:30:00','2025-11-05 09:32:25.334652','2025-11-05 09:32:25.334662',1,1,296,299,298,297);
INSERT INTO civil_birthcertificate VALUES(97,283,'Mpamboly','Andrafialava','Mpamboly','Andrafialava','rain - janza','Mpamboly','Andrafialava',1,'TEXNAS Marie Edonisse Henri','Ben''ny Tanàna','R',1,'2021-05-03 05:00:00','2021-06-03 05:00:00','2021-06-03 05:00:00','2025-11-05 09:42:11.447735','2025-11-05 09:42:11.447744',3,1,300,302,302,301);
INSERT INTO civil_birthcertificate VALUES(98,284,'Mpamboly','Ambiabe','Mpamboly','Ambiabe','Mpanatrika','Mpampivelona','Mantalimaro',1,'TEXNAS Marie Edonisse Henri','Ben''ny Tanàna','R',1,'2021-05-03 05:00:00','2021-06-03 05:30:00','2021-06-03 05:30:00','2025-11-05 09:51:04.865871','2025-11-05 09:51:04.865880',1,1,303,299,305,304);
INSERT INTO civil_birthcertificate VALUES(99,285,'Mpamboly','Sandranary','Mpamboly','Sandranary','Mpanatrika','Adjoint Chef Fokotany','Sandranary',1,'TEXNAS Marie Edonisse Henri','Ben''ny Tanàna','R',1,'2021-05-03 05:30:00','2021-06-03 06:00:00','2021-06-03 06:00:00','2025-11-05 10:01:22.243848','2025-11-05 10:01:22.243858',9,1,306,309,308,307);
INSERT INTO civil_birthcertificate VALUES(100,286,'Mpamboly','Ankaramy','Mpamboly','Ankaramy','Mpanatrika','Mpampivelona','Ankaramy',1,'TEXNAS Marie Edonisse Henri','Ben''ny Tanàna','R',1,'2021-05-03 05:30:00','2021-06-03 06:30:00','2021-06-03 06:30:00','2025-11-05 10:11:45.244803','2025-11-05 10:11:45.244813',4,1,310,212,312,311);
INSERT INTO civil_birthcertificate VALUES(101,287,'Mpamboly','Fihety','Mpamboly','Fihety','Mpanatrika','Mpamboly','Fihety',1,'TEXNAS Marie Edonisse Henri','Ben''ny Tanàna','R',1,'2021-05-03 05:30:00','2021-06-03 07:00:00','2021-06-03 07:00:00','2025-11-05 10:22:01.026260','2025-11-05 10:22:01.026270',7,1,313,268,315,314);
INSERT INTO civil_birthcertificate VALUES(102,288,'Mpamboly','Betsiaka','Mpamboly','Betsiaka','renin - jaza','Mpamboly','Betsiaka',1,'TEXNAS Marie Edonisse Henri','Ben''ny Tanàna','R',1,'2021-05-03 05:30:00','2021-06-03 07:30:00','2021-06-03 07:30:00','2025-11-06 00:02:29.197823','2025-11-06 00:02:29.197834',2,1,316,317,318,317);
CREATE TABLE IF NOT EXISTS "civil_person" ("id" integer NOT NULL PRIMARY KEY AUTOINCREMENT, "last_name" varchar(100) NOT NULL, "first_name" varchar(100) NOT NULL, "gender" varchar(1) NOT NULL, "birth_place" varchar(100) NULL, "is_alive" bool NOT NULL, "is_parent" bool NOT NULL, "is_married" bool NOT NULL, "birthday" datetime NULL, CONSTRAINT "person_unique" UNIQUE ("first_name", "last_name", "gender", "birthday"));
INSERT INTO civil_person VALUES(1,'MISIANJARA','Antonio','M','Betsiaka',1,0,0,'2021-04-08 09:00:00.000000');
INSERT INTO civil_person VALUES(2,'ELICIA','Alphonsine','F','Betsiaka',0,1,0,'2001-07-06 21:00:00.000000');
INSERT INTO civil_person VALUES(3,'TOHIRY','Rosel Bemanana','M','Betsiaka',0,0,0,'2001-05-03 21:00:00.000000');
INSERT INTO civil_person VALUES(4,'LAYNIRIKO','Jamina','F','Ambilo',1,0,0,'2021-04-10 02:10:00.000000');
INSERT INTO civil_person VALUES(5,'FATOMA','','F','Andrafiabe - Mantaly',0,1,0,'1987-12-31 21:00:00.000000');
INSERT INTO civil_person VALUES(6,'AMADA','Mahefa','M','Bemanevika - Sambava',0,0,0,'1989-06-10 21:00:00.000000');
INSERT INTO civil_person VALUES(7,'ANDRIANJARA','Jesino','M','Manakana',1,0,0,'2021-04-10 05:00:00.000000');
INSERT INTO civil_person VALUES(8,'KOSITERA','','F','Ampasimaty - Loky',0,1,0,'2002-12-31 21:00:00.000000');
INSERT INTO civil_person VALUES(9,'ANDRIAZARA','Laurent','M','Betsiaka',0,0,0,'1992-10-20 21:00:00.000000');
INSERT INTO civil_person VALUES(10,'RANDRIAMALAZA','Arson Mariano','M','Betsiaka',1,0,0,'2021-04-10 06:30:00.000000');
INSERT INTO civil_person VALUES(11,'MAMPIHONONA','Mariange clodilde','F','Ambilobe',0,1,0,'2002-06-03 21:00:00.000000');
INSERT INTO civil_person VALUES(12,'KOTO','Arson','M','Betsiaka',0,0,0,'2000-12-22 21:00:00.000000');
INSERT INTO civil_person VALUES(13,'MISIANJARA','Elisabeth','F','Betsiaka',1,0,0,'2021-04-10 06:40:00.000000');
INSERT INTO civil_person VALUES(14,'MERANCE','','F','Ambarihambana - Daraina',0,1,0,'1999-11-03 21:00:00.000000');
INSERT INTO civil_person VALUES(15,'ANJARA','Flavien','M','Ambakirano',0,0,0,'1998-06-20 21:00:00.000000');
INSERT INTO civil_person VALUES(16,'ANJARA','Marie Juliana','F','Betsiaka',1,0,0,'2021-04-10 07:00:00.000000');
INSERT INTO civil_person VALUES(17,'NORO','','F','Ambilobe',0,1,0,'1998-09-05 21:00:00.000000');
INSERT INTO civil_person VALUES(18,'RANDRIANARISON','José','M','Betsiaka',0,0,0,'1998-04-06 21:00:00.000000');
INSERT INTO civil_person VALUES(19,'RAZAFITSIMANDA','Vogno Samontarèse','F','Betsiaka',1,0,0,'2021-04-10 17:00:00.000000');
INSERT INTO civil_person VALUES(20,'NORO','Kenegie','F','Antalaha',0,1,0,'1999-12-08 21:00:00.000000');
INSERT INTO civil_person VALUES(21,'TOMBOZANDRY','Marcellin','M','Betsiaka',0,0,0,'1995-05-10 21:00:00.000000');
INSERT INTO civil_person VALUES(22,'TOMBOZADRY','Marcelin','M','Betsiaka',0,0,0,'1995-05-10 21:00:00.000000');
INSERT INTO civil_person VALUES(23,'JAO','Vernot Victor','M','Ankaramy',1,0,0,'2021-04-11 18:30:00.000000');
INSERT INTO civil_person VALUES(24,'SAMOSIA','','F','Ankaramy',0,1,0,'1979-12-31 21:00:00.000000');
INSERT INTO civil_person VALUES(25,'JAOZANDRY','Martin Victor','M','Ankaramy',0,0,0,'1980-12-31 21:00:00.000000');
INSERT INTO civil_person VALUES(26,'JAOZANDRY','Vernot Victor','M','Ankaramy',0,0,0,'1980-12-31 21:00:00.000000');
INSERT INTO civil_person VALUES(27,'ZAFIANJARA','Romualda Clarice','F','Betsiaka',1,0,0,'2021-04-17 05:00:00.000000');
INSERT INTO civil_person VALUES(28,'CHARINETTE','','F','Morafeno',0,1,0,'1987-12-31 21:00:00.000000');
INSERT INTO civil_person VALUES(29,'VICTORIEN','Zafilahy','M','Ampasindava',0,0,0,'1987-01-11 21:00:00.000000');
INSERT INTO civil_person VALUES(30,'VAVITSARA','Clarita','F','Managnarivo - Fihety',1,0,0,'2021-04-19 05:00:00.000000');
INSERT INTO civil_person VALUES(31,'BLANDINE','','F','Beahitsavaly - Fihety',0,1,0,'1988-03-09 21:00:00.000000');
INSERT INTO civil_person VALUES(32,'BEMIASA','','M','Ambodivoara - Fihety',0,0,0,'1987-08-14 21:00:00.000000');
INSERT INTO civil_person VALUES(33,'JAOVAGNONA','Tsiaosa','M','Fihety',0,0,0,'1985-07-19 21:00:00.000000');
INSERT INTO civil_person VALUES(34,'LAZAMARY HAMADY','Ossinah','F','Ambilo',1,0,0,'2021-04-19 16:00:00.000000');
INSERT INTO civil_person VALUES(35,'LAZAMARY','Antonette Felistine','F','Antsiranana',0,1,0,'2001-02-27 21:00:00.000000');
INSERT INTO civil_person VALUES(36,'MOHAMADY','Houmady','M','Ankaratra',0,0,0,'1984-06-09 21:00:00.000000');
INSERT INTO civil_person VALUES(37,'RAVELOHARISON','Olauidi','M','Ankazomborona',0,0,0,'1994-04-16 21:00:00.000000');
INSERT INTO civil_person VALUES(38,'RALAIMAHAVONJY','Zafy Christiano','M','Mantalimaro',1,0,0,'2021-04-20 16:00:00.000000');
INSERT INTO civil_person VALUES(39,'ZAFILIZY','','F','Vohemar',0,1,0,'1987-12-31 21:00:00.000000');
INSERT INTO civil_person VALUES(40,'RALAIMAHAVONJY','Yves','M','Antsohihy',0,0,0,'1982-02-01 21:00:00.000000');
INSERT INTO civil_person VALUES(41,'MBOTIMINA','Sylvio','M','Antanandava',1,0,0,'2021-04-22 16:00:00.000000');
INSERT INTO civil_person VALUES(42,'SOALINY','','F','Ambakirano',0,1,0,'1976-10-21 21:00:00.000000');
INSERT INTO civil_person VALUES(43,'ZAFY','Albert','M','Sandranary',0,0,0,'1974-06-19 21:00:00.000000');
INSERT INTO civil_person VALUES(44,'JAOMALAZA','','M','Andranomaloto',0,0,0,'1968-07-05 21:00:00.000000');
INSERT INTO civil_person VALUES(45,'BENDALANA','Anicet','M','Ankaramy',1,0,0,'2021-04-20 17:00:00.000000');
INSERT INTO civil_person VALUES(46,'FRANCOISE','','F','Ankaramy',0,1,0,'1987-12-31 21:00:00.000000');
INSERT INTO civil_person VALUES(47,'BENDALANA','Flobert','M','Ambilobe',0,0,0,'1970-12-31 21:00:00.000000');
INSERT INTO civil_person VALUES(48,'BETIMANANA','Angelo','M','Manongarivo - Fihety',1,0,0,'2021-04-21 00:00:00.000000');
INSERT INTO civil_person VALUES(49,'NORIETTE','','F','Ambohibada',0,1,0,'1980-05-15 21:00:00.000000');
INSERT INTO civil_person VALUES(50,'BETINAINY','Asany Joby','M','Ambodivoara - Fihety',0,0,0,'1999-10-10 21:00:00.000000');
INSERT INTO civil_person VALUES(51,'BEANDALANA','','M','Antsirabe - Nord',0,0,0,'1960-03-27 21:00:00.000000');
INSERT INTO civil_person VALUES(52,'JAO','Rien Aldo','M','Betsiaka',1,0,0,'2021-04-21 05:30:00.000000');
INSERT INTO civil_person VALUES(53,'LUISETTE','','F','Mantaly',0,1,0,'2005-03-04 21:00:00.000000');
INSERT INTO civil_person VALUES(54,'RUSTORIEN','Justin','M','Betsiaka',0,0,0,'1996-02-08 21:00:00.000000');
INSERT INTO civil_person VALUES(55,'FENOZANDRY','Arohuno Francino','M','Antsohihy',1,0,0,'2021-04-22 00:25:00.000000');
INSERT INTO civil_person VALUES(56,'AMIDATY','Emile','F','Antenina',0,1,0,'2000-07-20 21:00:00.000000');
INSERT INTO civil_person VALUES(57,'TIBAVILAY','Francino','M','Betsiaka',0,0,0,'1993-08-26 21:00:00.000000');
INSERT INTO civil_person VALUES(58,'TIBAVILAY','Francio','M','Betsiaka',0,0,0,'1993-03-26 21:00:00.000000');
INSERT INTO civil_person VALUES(59,'JAO','André Meral','M','Ankaramy',1,0,0,'2021-04-22 02:00:00.000000');
INSERT INTO civil_person VALUES(60,'VAVISOA','Melanie','F','Ambolidimaka',0,1,0,'2001-06-09 21:00:00.000000');
INSERT INTO civil_person VALUES(61,'JAO','Martial Vernot','M','Ankaramy',0,0,0,'1996-12-31 21:00:00.000000');
INSERT INTO civil_person VALUES(62,'RAZAFIMANANTSOA','Jean Cridio','M','Ambodisakoa - Fihety',1,0,0,'2021-04-22 03:30:00.000000');
INSERT INTO civil_person VALUES(63,'EUGENIE','','F','Antsiatsia',0,1,0,'1988-03-07 21:00:00.000000');
INSERT INTO civil_person VALUES(64,'TOMBOFENO','','M','Fihety',0,0,0,'1984-06-15 21:00:00.000000');
INSERT INTO civil_person VALUES(65,'TSARAHASINA','Elicia','F','Ambilo',1,0,0,'2021-04-22 07:00:00.000000');
INSERT INTO civil_person VALUES(66,'MBOTY','Rozia','F','Antsahandririnina',0,1,0,'2004-08-06 21:00:00.000000');
INSERT INTO civil_person VALUES(67,'TSIMAROFY','Astelin','M','Ambinanifaho',0,0,0,'1997-10-23 21:00:00.000000');
INSERT INTO civil_person VALUES(68,'VELOTOMBO','Charmane','M','Morafeno',1,0,0,'2021-04-23 04:15:00.000000');
INSERT INTO civil_person VALUES(69,'NAURINA','Bezafy','F','Morafeno',0,1,0,'1989-01-08 21:00:00.000000');
INSERT INTO civil_person VALUES(70,'VELOTOMBO','','M','Bobandrongo',0,0,0,'1979-12-31 21:00:00.000000');
INSERT INTO civil_person VALUES(71,'RAZANAVAO','Briante Erisca','F','Ambodiadabo Fihety',1,0,0,'2021-04-24 00:00:00.000000');
INSERT INTO civil_person VALUES(72,'BERTHINE','Angelette','F','Fihety',0,1,0,'1984-05-14 21:00:00.000000');
INSERT INTO civil_person VALUES(73,'JAOMANANA','Tsifasy','M','Ambodiadabo',0,0,0,'1979-06-09 21:00:00.000000');
INSERT INTO civil_person VALUES(74,'LAIJOBY JENITO','Théogène','M','Labeka',1,0,0,'2021-04-25 05:00:00.000000');
INSERT INTO civil_person VALUES(75,'MARIGELE','','F','Ambakirano',0,1,0,'1985-07-04 21:00:00.000000');
INSERT INTO civil_person VALUES(76,'LAIJOBY','Théogène','M','Ankatoko',0,0,0,'1980-05-29 21:00:00.000000');
INSERT INTO civil_person VALUES(77,'SOAVAHINY','Josiane','F','Antsohy - Ambany',1,0,0,'2021-04-26 04:00:00.000000');
INSERT INTO civil_person VALUES(78,'SOAZAFY','Claudine','F','Betsiaka',0,1,0,'1983-02-21 21:00:00.000000');
INSERT INTO civil_person VALUES(79,'JAO','Joseph','M','Betsiaka',0,0,0,'1965-03-18 21:00:00.000000');
INSERT INTO civil_person VALUES(80,'JAONJARA','Arino','M','Antanandava',1,0,0,'2021-04-26 04:00:00.000000');
INSERT INTO civil_person VALUES(81,'OLGA','','F','Antanandava',0,1,0,'2000-02-29 21:00:00.000000');
INSERT INTO civil_person VALUES(82,'JAO','Jean Florent','M','Antanandava',0,0,0,'1999-01-19 21:00:00.000000');
INSERT INTO civil_person VALUES(83,'JAOMAZAVA','','M','Andranomaloto',0,0,0,'1968-07-05 21:00:00.000000');
INSERT INTO civil_person VALUES(84,'TODIZARA','Joseph Mirelot','M','Mirelot',1,0,0,'2021-04-26 06:00:00.000000');
INSERT INTO civil_person VALUES(85,'RAZAFIMANAMPY','Mbotrine','F','Betsiaka',0,1,0,'1992-12-31 21:00:00.000000');
INSERT INTO civil_person VALUES(86,'TODIZARA','Michel','M','Betsiaka',0,0,0,'1994-03-05 21:00:00.000000');
INSERT INTO civil_person VALUES(87,'SOA','Floriana','F','Sandranary',1,0,0,'2021-04-26 07:00:00.000000');
INSERT INTO civil_person VALUES(88,'MAHAVORY','Clarisse','F','Sandranary',0,1,0,'1999-05-14 21:00:00.000000');
INSERT INTO civil_person VALUES(89,'JAO','Philbert','M','Sandranary',0,0,0,'1990-12-31 21:00:00.000000');
INSERT INTO civil_person VALUES(90,'SOA','Asmirah','F','Ambilo',1,0,0,'2021-04-26 19:00:00.000000');
INSERT INTO civil_person VALUES(91,'SONIA','','F','Ankarazomborona',0,1,0,'2000-12-28 21:00:00.000000');
INSERT INTO civil_person VALUES(92,'JANAHARY','Araud','M','Andrafiabe',0,0,0,'1983-10-06 21:00:00.000000');
INSERT INTO civil_person VALUES(93,'JULIEN','Androlique','M','Befandriana - Nord',0,0,0,'1992-08-05 21:00:00.000000');
INSERT INTO civil_person VALUES(94,'HASIZARA','','F','Antanandava',1,0,0,'2021-04-26 17:20:00.000000');
INSERT INTO civil_person VALUES(95,'VANESA','','F','Ankalitany',0,1,0,'1995-12-31 21:00:00.000000');
INSERT INTO civil_person VALUES(96,'TOLIZARA','','M','Betsiaka',0,0,0,'1966-08-01 21:00:00.000000');
INSERT INTO civil_person VALUES(97,'ANJARASOA','Hortensia','F','Betsiaka',1,0,0,'2021-04-26 23:00:00.000000');
INSERT INTO civil_person VALUES(98,'ANJARASOA','Félicité','F','Daraina',0,1,0,'1987-12-15 21:00:00.000000');
INSERT INTO civil_person VALUES(99,'JEAN EDORD','Mahatondravelo','M','Betsiaka',0,0,0,'1979-01-19 21:00:00.000000');
INSERT INTO civil_person VALUES(100,'JEAN EDORD','Mahatondravelo','M','Betsiaka',0,0,0,'1979-01-22 21:00:00.000000');
INSERT INTO civil_person VALUES(101,'JAO','Kevino','M','Ambararata - Loky',1,0,0,'2021-04-27 07:30:00.000000');
INSERT INTO civil_person VALUES(102,'JULIAHNY','Hovalin','F','Mahadera',0,1,0,'1999-12-31 21:00:00.000000');
INSERT INTO civil_person VALUES(103,'GERISTOR','','M','Ambararata - Loky',0,0,0,'1997-12-14 21:00:00.000000');
INSERT INTO civil_person VALUES(104,'SOAFA','Richiana','F','Ankaramy',1,0,0,'2021-04-27 13:30:00.000000');
INSERT INTO civil_person VALUES(105,'SOANJARA','Marie Lianah','F','Ankaramy',0,1,0,'1999-09-30 21:00:00.000000');
INSERT INTO civil_person VALUES(106,'ZAFITOMBO','Erneste','M','Ankaramy',0,0,0,'1991-12-31 21:00:00.000000');
INSERT INTO civil_person VALUES(107,'SOAFA','Rayanah','F','Ankaramy',1,0,0,'2021-04-27 16:00:00.000000');
INSERT INTO civil_person VALUES(108,'SOA','Cimella','F','Betsiaka',1,0,0,'2021-04-28 02:00:00.000000');
INSERT INTO civil_person VALUES(109,'MARELLA','','F','Ambararata - Loky',0,1,0,'2002-01-09 21:00:00.000000');
INSERT INTO civil_person VALUES(110,'SERAFA','','M','Antanambe',0,0,0,'1992-08-26 21:00:00.000000');
INSERT INTO civil_person VALUES(111,'MARY','Joella','F','Betsiaka',1,0,0,'2021-04-28 21:45:00.000000');
INSERT INTO civil_person VALUES(112,'MARY','Angella','F','Anjavimilay',0,1,0,'1995-02-14 21:00:00.000000');
INSERT INTO civil_person VALUES(113,'SOLO','Johnny Jaolamara','M','Anjavimilay',0,0,0,'1988-12-18 21:00:00.000000');
INSERT INTO civil_person VALUES(114,'RANDRIHARISOLO','Marcelin','M','Betsiaka',0,0,0,'1966-11-18 21:00:00.000000');
INSERT INTO civil_person VALUES(115,'TSARAVISY','Zita Julienne','F','Betsiaka',1,0,0,'2021-04-29 03:00:00.000000');
INSERT INTO civil_person VALUES(116,'TSARAHITA','','F','Ankatoko',0,1,0,'2000-12-31 21:00:00.000000');
INSERT INTO civil_person VALUES(117,'JEAN','Aimé Alain','M','Sambava',0,0,0,'1997-12-31 21:00:00.000000');
INSERT INTO civil_person VALUES(118,'FENO ESTENO','Jean Rodi','M','Betsiaka',1,0,0,'2021-04-29 05:00:00.000000');
INSERT INTO civil_person VALUES(119,'SOA','Luisette','F','Ampasimaty - Loky',0,1,0,'1998-08-16 21:00:00.000000');
INSERT INTO civil_person VALUES(120,'FENO','Stephano','M','Antsoha - Anivorano - Nord',0,0,0,'1994-06-11 21:00:00.000000');
INSERT INTO civil_person VALUES(121,'FENO','Stephano','M','Antsoha - Anivorano - Nord',0,0,0,'1994-06-15 21:00:00.000000');
INSERT INTO civil_person VALUES(122,'ZAFITOMBO','Leonario','M','Betsiaka',1,0,0,'2021-04-29 10:00:00.000000');
INSERT INTO civil_person VALUES(123,'ZAFITOMBO','Juliette','F','Betsiaka',0,1,0,'1995-12-31 21:00:00.000000');
INSERT INTO civil_person VALUES(124,'LEON','Kenny','M','Antsohy - Ambany',0,0,0,'1998-12-31 21:00:00.000000');
INSERT INTO civil_person VALUES(125,'SOAMIADANA','Meline Eluiza','F','Andrafialava',1,0,0,'2021-04-30 02:30:00.000000');
INSERT INTO civil_person VALUES(126,'SOAMIADANA','Vanessa','F','Ambilobe',0,1,0,'2000-12-31 21:00:00.000000');
INSERT INTO civil_person VALUES(127,'MODESTE','Fulgence','M','Ambondralava',0,0,0,'1994-05-04 21:00:00.000000');
INSERT INTO civil_person VALUES(128,'TINA','Donatien','M','Marovoay',0,0,0,'1999-07-07 21:00:00.000000');
INSERT INTO civil_person VALUES(129,'RASOANIRINA','Nayah','M','Antanamivony',1,0,0,'2021-04-30 05:00:00.000000');
INSERT INTO civil_person VALUES(130,'BESOA','Celia','F','Antsoa',0,1,0,'1998-12-31 21:00:00.000000');
INSERT INTO civil_person VALUES(131,'MARTIAL','Bejoma','M','Ambararata',0,0,0,'1992-04-12 21:00:00.000000');
INSERT INTO civil_person VALUES(132,'TAFARA','Melson','M','Antsohy - Ambany',1,0,0,'2021-04-30 07:00:00');
INSERT INTO civil_person VALUES(133,'CLAIRE','Soatiana','F','Antsohy - Ambany',0,1,0,'1974-12-31 21:00:00');
INSERT INTO civil_person VALUES(134,'TAFARA','Celestin','M','Antsohy - Ambany',0,0,0,'1971-12-09 21:00:00');
INSERT INTO civil_person VALUES(135,'BELELAHY','Stewar','M','Ampasimaty - Loky',1,0,0,'2021-05-01 14:00:00');
INSERT INTO civil_person VALUES(136,'MBOTY','Sylivia','F','Ampasimaty - Loky',0,1,0,'1987-12-31 21:00:00');
INSERT INTO civil_person VALUES(137,'ZANDRY','Renaut','M','Tanambao - Mangily',0,0,0,'1979-10-20 21:00:00');
INSERT INTO civil_person VALUES(138,'TELOZANDRY','Vaniolin','M','Betsiaka',1,0,0,'2021-05-01 16:00:00');
INSERT INTO civil_person VALUES(139,'ZOZILLENY','','F','Betsiaka',0,1,0,'1985-10-25 21:00:00');
INSERT INTO civil_person VALUES(140,'THEOGENE','','M','Bobandrongo',0,0,0,'1983-03-31 21:00:00');
INSERT INTO civil_person VALUES(141,'TOMBO','Romelus Estanio','M','Betsiaka',1,0,0,'2021-05-04 07:05:00');
INSERT INTO civil_person VALUES(142,'MAMIZARA','Otine','F','Ambalia',0,1,0,'1992-06-17 21:00:00');
INSERT INTO civil_person VALUES(143,'TOMBO','Eustach','M','Ampisikinana',0,0,0,'1983-06-19 21:00:00');
INSERT INTO civil_person VALUES(144,'SOA','Wendisca','F','Ampasimaty - Loky',1,0,0,'2021-05-04 15:00:00');
INSERT INTO civil_person VALUES(145,'SONIA','','F','Ampasimaty - Loky',0,1,0,'1986-12-31 21:00:00');
INSERT INTO civil_person VALUES(146,'BENANKINANA','','M','Ampasimaty - Loky',0,0,0,'1983-12-31 21:00:00');
INSERT INTO civil_person VALUES(147,'TAFITANJARA','Rijamino','M','Betsiaka',1,0,0,'2021-05-04 20:40:00');
INSERT INTO civil_person VALUES(148,'VOLAZARA','','F','Ambararata - Loky',0,1,0,'2000-06-13 21:00:00');
INSERT INTO civil_person VALUES(149,'MARCELLIO','','M','Anivorano - Nord',0,0,0,'1993-10-11 21:00:00');
INSERT INTO civil_person VALUES(150,'RASOANIRINA','Nayah','F','Antanamivony',1,0,0,'2021-04-30 05:00:00');
INSERT INTO civil_person VALUES(151,'BESOA','Celia','F','Antsoa',0,1,0,'1998-12-31 21:00:00');
INSERT INTO civil_person VALUES(152,'MARTIAL','Bejoma','M','Ambararata',0,0,0,'1992-04-12 21:00:00');
INSERT INTO civil_person VALUES(153,'ZAFIANJARA','Romualda Clarice','F','Betsiaka',1,0,0,'2021-04-17 05:00:00');
INSERT INTO civil_person VALUES(154,'CHARINETTE','','F','Morafeno',0,1,0,'1987-12-31 21:00:00');
INSERT INTO civil_person VALUES(155,'VICTORIEN','Zafilahy','M','Ampasindava',0,0,0,'1987-01-11 21:00:00');
INSERT INTO civil_person VALUES(156,'MBOTILINE','Zandry','F','Ankivanja',1,0,0,'2021-05-05 01:00:00');
INSERT INTO civil_person VALUES(157,'SOANIRINA','','F','Ambaratabe',0,1,0,'1999-12-31 21:00:00');
INSERT INTO civil_person VALUES(158,'JAO','Elirance','M','Ankivanja',0,0,0,'1996-12-31 21:00:00');
INSERT INTO civil_person VALUES(159,'BERIZIKY','','F','Antanatana',0,0,0,'1967-12-31 21:00:00');
INSERT INTO civil_person VALUES(160,'JAONANDRASANA','Fracklin Octavio','M','Ambilo',1,0,0,'2021-05-05 02:00:00');
INSERT INTO civil_person VALUES(161,'ANJARASOA','Samira','F','Andrafialava',0,1,0,'1997-12-31 21:00:00');
INSERT INTO civil_person VALUES(162,'JAONANDRASANA','Fracklin','M','Daraina',0,0,0,'1991-06-13 21:00:00');
INSERT INTO civil_person VALUES(163,'ANJARAZOKY','Gilbert','M','Mahavanona',1,0,0,'2021-05-05 17:00:00');
INSERT INTO civil_person VALUES(164,'ANJARAZAFY','Phosia','F','Mosorolava',0,1,0,'1995-12-31 21:00:00');
INSERT INTO civil_person VALUES(165,'JAOSOLO','Jean Paul','M','Antsohy - Ambany',0,0,0,'2000-12-31 21:00:00');
INSERT INTO civil_person VALUES(166,'JAOSANTA','Cyrille','M','Sandranary',0,0,0,'1953-03-08 21:00:00');
INSERT INTO civil_person VALUES(167,'ANJARAZANDRY','Norbert','M','Mahavanona',1,0,0,'2021-05-05 05:10:00');
INSERT INTO civil_person VALUES(168,'ZAFY TOAHIFA','Moana','F','Andrafialava',1,0,0,'2021-05-06 02:00:00');
INSERT INTO civil_person VALUES(169,'ROZALINE','','F','Andrafialava',0,1,0,'1999-02-15 21:00:00');
INSERT INTO civil_person VALUES(170,'MOUHOMINO','','M','Morafeno',0,0,0,'1993-07-22 21:00:00');
INSERT INTO civil_person VALUES(171,'MAMIANJARA SOLOTOVONIAINA','Fabiolenne','F','Betsiaka',1,0,0,'2021-05-06 15:05:00');
INSERT INTO civil_person VALUES(172,'LUSETTE FABRICE','Marie Elene','F','Mantaly',0,1,0,'1988-08-21 21:00:00');
INSERT INTO civil_person VALUES(173,'RANOMENJANAHARY','Joachin Patrick','M','Ambodilafa - Mananjary',0,0,0,'1988-10-31 21:00:00');
INSERT INTO civil_person VALUES(174,'RANOMENJANAHARY','Jaochin Patrick','M','Ambodilafa - Mananjary',0,0,0,'1988-10-31 21:00:00');
INSERT INTO civil_person VALUES(175,'SOAMANJARY','Malesca','F','Mahavanona',1,0,0,'2021-05-08 01:00:00');
INSERT INTO civil_person VALUES(176,'JULIENNE','','F','Bobasakoa',0,1,0,'1997-05-28 21:00:00');
INSERT INTO civil_person VALUES(177,'BEMANJARY','François','M','Betsiaka',0,0,0,'1984-05-20 21:00:00');
INSERT INTO civil_person VALUES(178,'TOMBOBE','Yah Raillah','F','Betsiaka',1,0,0,'2021-05-08 14:30:00');
INSERT INTO civil_person VALUES(179,'FINTY','Jean Armela','F','Betsiaka',0,1,0,'2004-06-11 21:00:00');
INSERT INTO civil_person VALUES(180,'ZAZARA','Chazal','M','Lazarez - Nord Antsiranana',0,0,0,'2002-02-07 21:00:00');
INSERT INTO civil_person VALUES(181,'DIRY','Arnon Jaochin','M','Mahavanona',1,0,0,'2021-05-08 15:00:00');
INSERT INTO civil_person VALUES(182,'MOANAVOLA','','F','Morafeno',0,1,0,'1995-12-31 21:00:00');
INSERT INTO civil_person VALUES(183,'JAOCHIN','Felix','M','Sandranary',0,0,0,'1988-03-08 21:00:00');
INSERT INTO civil_person VALUES(184,'RAHARINIRINA','Catherina','F','Andrafialava',1,0,0,'2021-05-09 03:00:00');
INSERT INTO civil_person VALUES(185,'GENERICA','','F','Anoronala',0,1,0,'1990-01-24 21:00:00');
INSERT INTO civil_person VALUES(186,'RAHARINAIVO','Estel Anicet','M','Maromokotra - Loky',0,0,0,'1989-05-03 21:00:00');
INSERT INTO civil_person VALUES(187,'ROBY SON','Tianjara Danniel','M','Antanamivony',1,0,0,'2021-05-09 03:00:00');
INSERT INTO civil_person VALUES(188,'SOANIRINA','Fazila','F','Antanamivony',0,1,0,'2006-01-14 21:00:00');
INSERT INTO civil_person VALUES(189,'TIANJARA','Phaustin','M','Antanamivony',0,0,0,'1993-12-31 21:00:00');
INSERT INTO civil_person VALUES(190,'NAMBININTSOA','Jean Freddy','M','Betsiaka',1,0,0,'2021-05-09 08:00:00');
INSERT INTO civil_person VALUES(191,'BAOSOANAY','','F','Andranombaro - Sorombo - Manakara',1,1,0,'1993-12-31 21:00:00');
INSERT INTO civil_person VALUES(192,'RAVELO','Jean','M','Lokomby - Manakara',1,0,0,'1968-01-11 21:00:00');
INSERT INTO civil_person VALUES(193,'BEJOMA','Andrisio','M','Antanamivony',1,0,0,'2021-05-10 00:00:00');
INSERT INTO civil_person VALUES(194,'ADIAE','','F','Anketrakabe',1,1,0,'1991-05-07 21:00:00');
INSERT INTO civil_person VALUES(195,'JAO','Celestin','M','Ambararata',1,0,0,'1984-05-19 21:00:00');
INSERT INTO civil_person VALUES(196,'TOLIZARA','JaozandryFracklin','M','Betsiaka',1,0,0,'2021-05-10 10:00:00');
INSERT INTO civil_person VALUES(197,'SABRINA','','F','Ambatoben''Anjavy',1,1,0,'2008-05-13 21:00:00');
INSERT INTO civil_person VALUES(198,'TOMBORAVO','Jean Fracklin','M','Betsiaka',1,0,0,'2000-11-02 21:00:00');
INSERT INTO civil_person VALUES(199,'VELONIAINA','Ritchianot','M','Ambararata - Loky',1,0,0,'2021-05-10 15:10:00');
INSERT INTO civil_person VALUES(200,'NANDRASANA','Marie Georgia','F','Ambararata - Loky',1,1,0,'1993-11-23 21:00:00');
INSERT INTO civil_person VALUES(201,'VELO','Sylvain','M','Ambararata - Loky',1,0,0,'1993-11-13 21:00:00');
INSERT INTO civil_person VALUES(202,'SOA MANJARY','Sergina','F','Antanandava',1,0,0,'2021-05-10 23:00:00');
INSERT INTO civil_person VALUES(203,'CLAUDIETTE','','F','Antanandava',1,1,0,'2000-11-15 21:00:00');
INSERT INTO civil_person VALUES(204,'JAOTAFARA','','M','Andranomaloto',1,0,0,'2000-11-15 21:00:00');
INSERT INTO civil_person VALUES(205,'JAOMAZAVA','','M','Andranomaloto',1,0,0,'1968-07-05 21:00:00');
INSERT INTO civil_person VALUES(206,'SOAMATANA','Francisca Justine','F','Ankatoko',1,0,0,'2021-05-11 05:00:00');
INSERT INTO civil_person VALUES(207,'SOAMATANA','Francia','F','Antanandava',1,1,0,'1996-12-31 21:00:00');
INSERT INTO civil_person VALUES(208,'JAOVANONA','Justin','M','Matsaborilava',1,0,0,'1996-06-27 21:00:00');
INSERT INTO civil_person VALUES(209,'ANDRIANJAFY','Sadilin','M','Ankaramy',1,0,0,'2021-05-11 05:00:00');
INSERT INTO civil_person VALUES(210,'ZEICA','','F','Mahavanona',1,1,0,'2002-12-31 21:00:00');
INSERT INTO civil_person VALUES(211,'SAIDALY','','M','Ankaramy',1,0,0,'1996-12-31 21:00:00');
INSERT INTO civil_person VALUES(212,'BRIZAN','Alot Ramifaliso','M','Ankaramy',1,0,0,'1990-10-05 21:00:00');
INSERT INTO civil_person VALUES(213,'BE','Severelto','M','Ankaramy',1,0,0,'2021-05-11 06:30:00');
INSERT INTO civil_person VALUES(214,'RAVOSOA','Flodette','F','Ankaramy',1,1,0,'1993-12-31 21:00:00');
INSERT INTO civil_person VALUES(215,'BE','Rolin','M','Tsarabaria',1,0,0,'1987-10-31 21:00:00');
INSERT INTO civil_person VALUES(216,'RASOAMALALA','Dayanah Jasmé','F','Betsiaka',1,0,0,'2021-05-11 08:10:00');
INSERT INTO civil_person VALUES(217,'TOMBOSILY','Hortencia','F','Tanambao - Marivorahona',1,1,0,'1996-12-31 21:00:00');
INSERT INTO civil_person VALUES(218,'MANESY','Geraldo','M','Betsiaka',1,0,0,'1994-10-20 21:00:00');
INSERT INTO civil_person VALUES(219,'JAOMANATO','Cléo','M','Anivorano - Nord',1,0,0,'1991-01-14 21:00:00');
INSERT INTO civil_person VALUES(220,'JAOMISY','Assani','M','Betsiaka',1,0,0,'2021-05-11 13:00:00');
INSERT INTO civil_person VALUES(221,'MARIE','Alaine','F','Mahatsara - Daraina',1,1,0,'2004-12-11 21:00:00');
INSERT INTO civil_person VALUES(222,'JAOVARY','Bemahitso','M','Marobenjy',1,0,0,'1978-10-17 21:00:00');
INSERT INTO civil_person VALUES(223,'MBAKA','Frangelo','M','Anoronala',1,0,0,'2021-05-11 17:00:00');
INSERT INTO civil_person VALUES(224,'JULIETTE','','F','Ampahaka',1,1,0,'1989-12-31 21:00:00');
INSERT INTO civil_person VALUES(225,'JEAN','Fidel','M','Anoronala',1,0,0,'1985-12-31 21:00:00');
INSERT INTO civil_person VALUES(226,'BERIZIKY','','M','Antanatana',1,0,0,'1962-12-31 21:00:00');
INSERT INTO civil_person VALUES(227,'RASOANIRINA','Ajijana','F','Ampiamonina',1,0,0,'2021-05-10 18:45:00');
INSERT INTO civil_person VALUES(228,'SOA VELONA','Honorine Eliane','F','Befotaka - Nord',1,1,0,'1991-03-19 21:00:00');
INSERT INTO civil_person VALUES(229,'ABDOU','','M','Ankivanja',1,0,0,'1978-06-08 21:00:00');
INSERT INTO civil_person VALUES(230,'MBOTY','Salezia','F','Ambararata - Loky',1,0,0,'2021-05-12 01:00:00');
INSERT INTO civil_person VALUES(231,'ZAFIAMBA','Soanety','F','Ambararata - Loky',1,1,0,'1996-06-03 21:00:00');
INSERT INTO civil_person VALUES(232,'FLORENT','Bruno','M','Sirama',1,0,0,'1981-02-23 21:00:00');
INSERT INTO civil_person VALUES(233,'JORO','Jean Stephanio','M','Ankaramy',1,0,0,'2021-05-12 11:00:00');
INSERT INTO civil_person VALUES(234,'FOZIA','','F','Ankivanja',1,1,0,'1997-12-11 21:00:00');
INSERT INTO civil_person VALUES(235,'JORO','Jean Stephano','M','Anaborano - Ifasy',1,0,0,'1993-06-18 21:00:00');
INSERT INTO civil_person VALUES(236,'RASOANANTENAINA','Justin Frabriana','F','Betsiaka',1,0,0,'2021-05-13 14:00:00');
INSERT INTO civil_person VALUES(237,'SOAVILINY','','F','Mahavanona',1,1,0,'2004-03-10 21:00:00');
INSERT INTO civil_person VALUES(238,'JUSTIN','Fabrice','M','Betsiaka',1,0,0,'1999-05-30 21:00:00');
INSERT INTO civil_person VALUES(239,'MANANA BOANA HID','Miradjy','M','Betsiaka',1,0,0,'2021-05-13 16:56:00');
INSERT INTO civil_person VALUES(240,'ANDRIAMIHEVITRA','Veroline','F','Betsiaka',1,1,0,'1993-12-28 21:00:00');
INSERT INTO civil_person VALUES(241,'YOUSOUF','Amad','M','Betsiaka',1,0,0,'1992-02-02 21:00:00');
INSERT INTO civil_person VALUES(242,'MIRADJY','','M','Ambalakirajy - Mandritsara',1,0,0,'1969-11-19 21:00:00');
INSERT INTO civil_person VALUES(243,'ANJARASOA','Martina','F','Ambilo',1,0,0,'2021-05-14 03:00:00');
INSERT INTO civil_person VALUES(244,'RASOANIAINA','Hertine','F','Vangaindrano',1,1,0,'1994-10-17 21:00:00');
INSERT INTO civil_person VALUES(245,'MANAHOZY','','M','Vangaindrano',1,0,0,'1990-09-05 21:00:00');
INSERT INTO civil_person VALUES(246,'DIAMONDRA','Kezia','F','Mantalimaro',1,0,0,'2021-05-15 01:20:00');
INSERT INTO civil_person VALUES(247,'ANGELINE','','F','Ambakirano',1,1,0,'1999-05-09 21:00:00');
INSERT INTO civil_person VALUES(248,'EUGENE','','M','Ankazomborona',1,0,0,'1989-12-31 21:00:00');
INSERT INTO civil_person VALUES(249,'JAO','Arson Odrigo','M','Betsiaka',1,0,0,'2021-05-16 07:00:00');
INSERT INTO civil_person VALUES(250,'VITASOA','','F','Antanamazava',1,1,0,'1995-12-31 21:00:00');
INSERT INTO civil_person VALUES(251,'JAO','Harson Bruno','M','Sandranary',1,0,0,'2001-12-31 21:00:00');
INSERT INTO civil_person VALUES(252,'JAO','Harson Bruno','M','Sandranary',1,0,0,'1999-12-31 21:00:00');
INSERT INTO civil_person VALUES(253,'RANDRIAMAMPIONINA','Chrisno','M','Labeka',1,0,0,'2021-05-16 10:25:00');
INSERT INTO civil_person VALUES(254,'RASOAMALALA','Délia','F','Ankatoko',1,1,0,'1987-03-01 21:00:00');
INSERT INTO civil_person VALUES(255,'ANDRIAMANAFY','Richard','M','Antsirabe - Nord - Vohemar',1,0,0,'1969-02-16 21:00:00');
INSERT INTO civil_person VALUES(256,'VENALY','Arson','M','Ambodisakoa - Fihety',1,0,0,'2021-05-18 02:00:00');
INSERT INTO civil_person VALUES(257,'MOANAJOMA','Amosa Aly','F','Daraina',1,1,0,'1991-08-01 21:00:00');
INSERT INTO civil_person VALUES(258,'ALSON','','M','Fihety',1,0,0,'1976-06-09 21:00:00');
INSERT INTO civil_person VALUES(259,'MISIANJARA','Luçiana','F','Betsiaka',1,0,0,'2021-05-18 05:55:00');
INSERT INTO civil_person VALUES(260,'SUS','Francia Lina','F','Betsiaka',1,1,0,'2003-06-27 21:00:00');
INSERT INTO civil_person VALUES(261,'MISIANJARA','','M','Manambato',1,0,0,'2002-09-04 21:00:00');
INSERT INTO civil_person VALUES(262,'ZAFY','Julina','F','Antanandava',1,0,0,'2021-05-18 22:00:00');
INSERT INTO civil_person VALUES(263,'JULIETTE','','F','Sandranary',1,1,0,'2002-04-15 21:00:00');
INSERT INTO civil_person VALUES(264,'ANDRIATSILATSA','Jucelyn','M','Sandranary',1,0,0,'1993-12-31 21:00:00');
INSERT INTO civil_person VALUES(265,'SOAVOLA STANA','Roziasy','F','Ambodisakoa - Fihety',1,0,0,'2021-05-20 05:00:00');
INSERT INTO civil_person VALUES(266,'MARIZELINY','Soavolaigny','F','Ambalihabe - Fihety',1,1,0,'1994-06-15 21:00:00');
INSERT INTO civil_person VALUES(267,'ANDRIE','','M','Anjavikeky',1,0,0,'1990-05-10 21:00:00');
INSERT INTO civil_person VALUES(268,'BEANDALANA','','M','Antsirabe - Nord',1,0,0,'1960-03-27 21:00:00');
INSERT INTO civil_person VALUES(269,'MAMY ZARA','Kindirah','F','Labeka',1,0,0,'2021-05-20 06:30:00');
INSERT INTO civil_person VALUES(270,'FANJAVA','Bienvenue','F','Ambilobe',1,1,0,'2000-12-19 21:00:00');
INSERT INTO civil_person VALUES(271,'TADAHELY','Nordine','M','Betsiaka',1,0,0,'2000-09-14 21:00:00');
INSERT INTO civil_person VALUES(272,'TADAHELY','Nordine','M','Betsiaka',1,0,0,'2000-12-19 21:00:00');
INSERT INTO civil_person VALUES(273,'ZAFITIANA','Gianah','F','Ambilo',1,0,0,'2021-05-28 08:23:00');
INSERT INTO civil_person VALUES(274,'ZAFINDRASOA','Christina','F','Antsiranana',1,1,0,'2003-09-16 21:00:00');
INSERT INTO civil_person VALUES(275,'TONGANJARA','Bemitsiry Dolphin','M','Morafeno',1,0,0,'2001-05-20 21:00:00');
INSERT INTO civil_person VALUES(276,'RAVELOHARISON','Olauidi','M','Ankazomborona',1,0,0,'1994-04-16 21:00:00');
INSERT INTO civil_person VALUES(277,'RASOAMALALA','Ginette Brinda','F','Ambilo',1,0,0,'2021-05-20 18:00:00');
INSERT INTO civil_person VALUES(278,'PRISCA','','F','Makira',1,1,0,'1991-12-31 21:00:00');
INSERT INTO civil_person VALUES(279,'BOSIZARA','Bertin','M','Ambodidivaina',1,0,0,'1992-07-25 21:00:00');
INSERT INTO civil_person VALUES(280,'SOA','Ernestellabioncé','F','Anaborano - Loky',1,0,0,'2021-05-20 19:00:00');
INSERT INTO civil_person VALUES(281,'MBOTY','Lienne','F','Anaborano - Loky',1,1,0,'2004-12-31 21:00:00');
INSERT INTO civil_person VALUES(282,'STHEPHANOT','Tsialisa','M','Anaborano - Loky',1,0,0,'2002-01-20 21:00:00');
INSERT INTO civil_person VALUES(283,'STEPHANOT','Tsialisa','M','Anaborano - Loky',1,0,0,'2002-01-20 21:00:00');
INSERT INTO civil_person VALUES(284,'RAHERIZO','Jean Antonio','M','Labeka',1,0,0,'2021-05-20 17:30:00');
INSERT INTO civil_person VALUES(285,'BODIMENA','Merencia','F','Labeka',1,1,0,'1999-01-05 21:00:00');
INSERT INTO civil_person VALUES(286,'RAHERITIANA','Jean Christophe','M','Port - Bergé',1,0,0,'1994-01-09 21:00:00');
INSERT INTO civil_person VALUES(287,'SOA','Chrisnah','F','Ambararata - Loky',1,0,0,'2021-05-21 00:00:00');
INSERT INTO civil_person VALUES(288,'SOA','Martha','F','Ambararata - Loky',1,1,0,'1988-02-08 21:00:00');
INSERT INTO civil_person VALUES(289,'JEAN NORICE','Jaobotra','M','Ambararata - Loky',1,0,0,'1984-01-20 21:00:00');
INSERT INTO civil_person VALUES(290,'ZAFY','Albert Filazansy','M','Tanambao',1,0,0,'1974-03-03 21:00:00');
INSERT INTO civil_person VALUES(291,'SOA','Marelina','F','Betsiaka',1,0,0,'2021-05-21 02:00:00');
INSERT INTO civil_person VALUES(292,'SANDRINE','Soa','F','Maromokotra',1,1,0,'1992-12-31 21:00:00');
INSERT INTO civil_person VALUES(293,'AMIDO','Andrien','M','Maromokotra',1,0,0,'1992-06-17 21:00:00');
INSERT INTO civil_person VALUES(294,'RASOANANDRASANA','Florda','F','Mahavanona',1,0,0,'2021-05-21 13:00:00');
INSERT INTO civil_person VALUES(295,'MARIVELO','','F','Fihety',1,1,0,'1980-12-31 21:00:00');
INSERT INTO civil_person VALUES(296,'RASOANANDRASANA','Francisca','F','Mantalimaro',1,0,0,'2021-05-22 02:20:00');
INSERT INTO civil_person VALUES(297,'ROZELY','Brigitte','F','Mosorobe',1,1,0,'1988-12-31 21:00:00');
INSERT INTO civil_person VALUES(298,'MEME','','M','Mahavelona II',1,0,0,'1993-12-31 21:00:00');
INSERT INTO civil_person VALUES(299,'EUGENE','Misy','M','Ankazomborona',1,0,0,'1990-11-10 21:00:00');
INSERT INTO civil_person VALUES(300,'ZARA','Zorina','F','Andrafialava',1,0,0,'2021-05-22 10:00:00');
INSERT INTO civil_person VALUES(301,'GORIGETTE','1','F','Ambohibaky',1,1,0,'2005-05-11 21:00:00');
INSERT INTO civil_person VALUES(302,'JAO','Polen','M','Andrafialava',1,0,0,'2000-04-27 21:00:00');
INSERT INTO civil_person VALUES(303,'RASOANIRINA','Mickaela','F','Mantalimaro',1,0,0,'2021-05-22 14:05:00');
INSERT INTO civil_person VALUES(304,'RASOANIRINA','Anatolie','F','Ambakirano',1,1,0,'1995-09-21 21:00:00');
INSERT INTO civil_person VALUES(305,'TONASY','','M','Ambiabe',1,0,0,'1981-10-31 21:00:00');
INSERT INTO civil_person VALUES(306,'MBOTY ERICA LUCIE','Asmira','F','Sandranary',1,0,0,'2021-05-23 03:00:00');
INSERT INTO civil_person VALUES(307,'VOLAZARA','Nardine','F','Sandranary',1,1,0,'2009-03-03 21:00:00');
INSERT INTO civil_person VALUES(308,'ZENARY','','M','Amparirano',1,0,0,'2000-12-31 21:00:00');
INSERT INTO civil_person VALUES(309,'MAMORY','','M','Sandranary',1,0,0,'1958-10-01 21:00:00');
INSERT INTO civil_person VALUES(310,'TEMA','Julianah','F','Ankaramy',1,0,0,'2021-05-23 18:00:00');
INSERT INTO civil_person VALUES(311,'NOROLINY','','F','Bilizo',1,1,0,'1992-12-31 21:00:00');
INSERT INTO civil_person VALUES(312,'DAMY','','M','Belizo',1,0,0,'1987-12-31 21:00:00');
INSERT INTO civil_person VALUES(313,'SOA ZANDRINA','Olisca','F','Tsaratanana',1,0,0,'2021-05-23 18:00:00');
INSERT INTO civil_person VALUES(314,'MBOTISOA','Isabelle','F','Baradrongo',1,1,0,'1995-08-11 21:00:00');
INSERT INTO civil_person VALUES(315,'MAMILAZA','','M','Fihety',1,0,0,'1981-05-31 21:00:00');
INSERT INTO civil_person VALUES(316,'RANDRIANJAKA','Tena Faly Stephane','M','Betsiaka',1,0,0,'2021-05-23 20:00:00');
INSERT INTO civil_person VALUES(317,'FATOMA','Vohizy','F','Betsiaka',1,1,0,'1998-11-19 21:00:00');
INSERT INTO civil_person VALUES(318,'MANJAKASOA','Franco','M','Nosy - Be',1,0,0,'1996-05-04 21:00:00');
DELETE FROM sqlite_sequence;
INSERT INTO sqlite_sequence VALUES('django_migrations',49);
INSERT INTO sqlite_sequence VALUES('django_content_type',22);
INSERT INTO sqlite_sequence VALUES('auth_permission',88);
INSERT INTO sqlite_sequence VALUES('auth_group',0);
INSERT INTO sqlite_sequence VALUES('django_admin_log',0);
INSERT INTO sqlite_sequence VALUES('administration_staff',5);
INSERT INTO sqlite_sequence VALUES('administration_role',12);
INSERT INTO sqlite_sequence VALUES('administration_service',6);
INSERT INTO sqlite_sequence VALUES('account_user',5);
INSERT INTO sqlite_sequence VALUES('administration_application',7);
INSERT INTO sqlite_sequence VALUES('administration_common',1);
INSERT INTO sqlite_sequence VALUES('finances_serviceprice',1);
INSERT INTO sqlite_sequence VALUES('administration_fokotany',12);
INSERT INTO sqlite_sequence VALUES('civil_birthcertificatedocument',2);
INSERT INTO sqlite_sequence VALUES('civil_deathcertificatedocument',0);
INSERT INTO sqlite_sequence VALUES('civil_deathcertificate',0);
INSERT INTO sqlite_sequence VALUES('civil_birthcertificate',102);
INSERT INTO sqlite_sequence VALUES('civil_person',318);
CREATE UNIQUE INDEX "django_content_type_app_label_model_76bd3d3b_uniq" ON "django_content_type" ("app_label", "model");
CREATE UNIQUE INDEX "auth_group_permissions_group_id_permission_id_0cd325b0_uniq" ON "auth_group_permissions" ("group_id", "permission_id");
CREATE INDEX "auth_group_permissions_group_id_b120cbf9" ON "auth_group_permissions" ("group_id");
CREATE INDEX "auth_group_permissions_permission_id_84c5c92e" ON "auth_group_permissions" ("permission_id");
CREATE UNIQUE INDEX "auth_permission_content_type_id_codename_01ab375a_uniq" ON "auth_permission" ("content_type_id", "codename");
CREATE INDEX "auth_permission_content_type_id_2f476e4b" ON "auth_permission" ("content_type_id");
CREATE UNIQUE INDEX "account_user_groups_user_id_group_id_4d09af3e_uniq" ON "account_user_groups" ("user_id", "group_id");
CREATE INDEX "account_user_groups_user_id_14345e7b" ON "account_user_groups" ("user_id");
CREATE INDEX "account_user_groups_group_id_6c71f749" ON "account_user_groups" ("group_id");
CREATE UNIQUE INDEX "account_user_user_permissions_user_id_permission_id_48bdd28b_uniq" ON "account_user_user_permissions" ("user_id", "permission_id");
CREATE INDEX "account_user_user_permissions_user_id_cc42d270" ON "account_user_user_permissions" ("user_id");
CREATE INDEX "account_user_user_permissions_permission_id_66c44191" ON "account_user_user_permissions" ("permission_id");
CREATE INDEX "django_admin_log_content_type_id_c4bce8eb" ON "django_admin_log" ("content_type_id");
CREATE INDEX "django_admin_log_user_id_c564eba6" ON "django_admin_log" ("user_id");
CREATE INDEX "administration_sector_fokotany_id_6eec0911" ON "administration_sector" ("fokotany_id");
CREATE INDEX "administration_staff_last_role_id_9e68d4e8" ON "administration_staff" ("last_role_id");
CREATE INDEX "administration_staff_role_id_b1f701db" ON "administration_staff" ("role_id");
CREATE INDEX "administration_role_access_id_24db57fb" ON "administration_role" ("access_id");
CREATE INDEX "administration_role_app_id_5fb3894d" ON "administration_role" ("app_id");
CREATE INDEX "administration_role_service_id_a79c78a0" ON "administration_role" ("service_id");
CREATE INDEX "civil_marriagecertificate_fokotany_id_a0548667" ON "civil_marriagecertificate" ("fokotany_id");
CREATE INDEX "civil_marriagecertificate_responsible_staff_id_aa3bdc8f" ON "civil_marriagecertificate" ("responsible_staff_id");
CREATE INDEX "civil_marriagecertificate_bride_id_5ccc6dae" ON "civil_marriagecertificate" ("bride_id");
CREATE INDEX "civil_marriagecertificate_groom_id_f490f430" ON "civil_marriagecertificate" ("groom_id");
CREATE INDEX "django_session_expire_date_a5c62663" ON "django_session" ("expire_date");
CREATE INDEX "civil_birthcertificatedocument_father_id_4b9a863c" ON "civil_birthcertificatedocument" ("father_id");
CREATE INDEX "civil_birthcertificatedocument_certificate_id_f1c19bce" ON "civil_birthcertificatedocument" ("certificate_id");
CREATE INDEX "civil_birthcertificatedocument_validated_by_id_4b614eaf" ON "civil_birthcertificatedocument" ("validated_by_id");
CREATE INDEX "civil_deathcertificatedocument_certificate_id_5d2c69e6" ON "civil_deathcertificatedocument" ("certificate_id");
CREATE INDEX "civil_deathcertificatedocument_validated_by_id_16a7df2f" ON "civil_deathcertificatedocument" ("validated_by_id");
CREATE INDEX "civil_deathcertificate_fokotany_id_6d3bc646" ON "civil_deathcertificate" ("fokotany_id");
CREATE INDEX "civil_deathcertificate_responsible_staff_id_65061cd8" ON "civil_deathcertificate" ("responsible_staff_id");
CREATE INDEX "civil_deathcertificate_dead_id_f7155e67" ON "civil_deathcertificate" ("dead_id");
CREATE INDEX "civil_deathcertificate_declarer_id_69393e37" ON "civil_deathcertificate" ("declarer_id");
CREATE INDEX "civil_deathcertificate_father_id_1634fec7" ON "civil_deathcertificate" ("father_id");
CREATE INDEX "civil_deathcertificate_mother_id_d85c399a" ON "civil_deathcertificate" ("mother_id");
CREATE INDEX "civil_birthcertificate_fokotany_id_7c7dd783" ON "civil_birthcertificate" ("fokotany_id");
CREATE INDEX "civil_birthcertificate_responsible_staff_id_24dc8ce7" ON "civil_birthcertificate" ("responsible_staff_id");
CREATE INDEX "civil_birthcertificate_born_id_5bd65d4e" ON "civil_birthcertificate" ("born_id");
CREATE INDEX "civil_birthcertificate_declarer_id_dde1d7da" ON "civil_birthcertificate" ("declarer_id");
CREATE INDEX "civil_birthcertificate_father_id_e4599e4f" ON "civil_birthcertificate" ("father_id");
CREATE INDEX "civil_birthcertificate_mother_id_46c96d56" ON "civil_birthcertificate" ("mother_id");
COMMIT;
